<?xml version="1.0" encoding="UTF-8"?>
<!DOCTYPE mapper PUBLIC "-//mybatis.org//DTD Mapper 3.0//EN" "http://mybatis.org/dtd/mybatis-3-mapper.dtd">
<mapper namespace="com.goldplusgold.td.expert.mapper.index.IArticleMapper">
	<resultMap id="BaseResultMap" type="Article">
		<id column="id" jdbcType="VARCHAR" property="id" />
		<result column="title" jdbcType="VARCHAR" property="newsTitle" />
		<result column="content" jdbcType="VARCHAR" property="content" />
		<result column="article_type" jdbcType="VARCHAR" property="newsType" />
		<result column="click_count" jdbcType="VARCHAR" property="clickCount" />
		<result column="important" jdbcType="VARCHAR" property="important" />
		<result column="delivery_time" jdbcType="TIMESTAMP" property="deliveryTime" />
		<result column="article_from" jdbcType="VARCHAR" property="newsFrom" />
		<result column="from_logo" jdbcType="VARCHAR" property="fromLogo" />
		<result column="is_enable" jdbcType="VARCHAR" property="isEnable" />
		<result column="summary" jdbcType="VARCHAR" property="summary" />
		<result column="thumbnail" jdbcType="VARCHAR" property="thumbnail" />
	</resultMap>
	<sql id="Base_Column_List">
		id,title,content,article_type,click_count,important,delivery_time,article_from,from_logo,summary,thumbnail
	</sql>
	<sql id="values">
		#{id,jdbcType=VARCHAR},
		#{newsType,jdbcType=VARCHAR},
		#{offset,jdbcType=INTEGER},
		#{count,jdbcType=INTEGER}
	</sql>
	<select id="selectArticles" resultMap="BaseResultMap">
		select
		<include refid="Base_Column_List"/>
		from article where article_type = #{newsType,jdbcType=VARCHAR} and del_flag = '0' order by delivery_time desc limit #{offset,jdbcType=INTEGER},#{count,jdbcType=INTEGER}
	</select>
	<select id="selectArticleById" resultMap="BaseResultMap">
		select
		<include refid="Base_Column_List"/>
		from article where id = #{id,jdbcType=VARCHAR} and del_flag = '0'
	</select>

</mapper>