<?xml version="1.0" encoding="UTF-8"?>
<!DOCTYPE mapper PUBLIC "-//mybatis.org//DTD Mapper 3.0//EN" "http://mybatis.org/dtd/mybatis-3-mapper.dtd">
<mapper namespace="com.goldplusgold.td.expert.mapper.index.IBannerMapper">
	<resultMap id="BaseResultMap" type="Banner">
		<id column="id" jdbcType="VARCHAR" property="id" />
		<result column="name" jdbcType="VARCHAR" property="name" />
		<result column="img_url" jdbcType="VARCHAR" property="imgUrl" />
		<result column="img_type" jdbcType="VARCHAR" property="imgType" />
		<result column="link_url" jdbcType="VARCHAR" property="linkUrl" />
		<result column="del_flag" jdbcType="VARCHAR" property="delFlag" />
		<result column="link_url_type" jdbcType="INTEGER" property="linkUrlType" />
	</resultMap>
	<sql id="values">
		#{id,jdbcType=VARCHAR}
	</sql>
	<sql id="Base_Column_List">
		id,name,img_url,img_type,link_url,del_flag,link_url_type
	</sql>
	<select id="selectBanners" resultMap="BaseResultMap">
		select
		<include refid="Base_Column_List"/>
		from banner where del_flag = '0' AND img_type = '0'
	</select>
	<select id="selectBannerById" resultMap="BaseResultMap">
		select
		<include refid="Base_Column_List"/>
		from banner where id = #{id,jdbcType=VARCHAR} AND del_flag = '0' AND img_type = '0'
	</select>

</mapper>