<?xml version="1.0" encoding="UTF-8"?>
<!DOCTYPE mapper PUBLIC "-//mybatis.org//DTD Mapper 3.0//EN" "http://mybatis.org/dtd/mybatis-3-mapper.dtd">
<mapper namespace="com.goldplusgold.td.expert.mapper.user.CustomerMapper">
	<resultMap id="BaseResultMap" type="Customer">
		<id column="id" jdbcType="VARCHAR" property="id" />
		<result column="user_name" jdbcType="VARCHAR" property="userName" />
		<result column="nickname" jdbcType="VARCHAR" property="nickName" />
		<result column="head_image" jdbcType="VARCHAR" property="headImage" />
		<result column="client_id" jdbcType="VARCHAR" property="clientId" />
		<result column="del_flag" jdbcType="VARCHAR" property="delFlag" />
	</resultMap>
	<sql id="values">
		#{id,jdbcType=VARCHAR},
		#{userName,jdbcType=VARCHAR}
	</sql>
	<sql id="Base_Column_List">
		id,user_name,nickname,head_image,client_id
	</sql>
	<select id="selectCustomer" resultMap="BaseResultMap">
		select
		<include refid="Base_Column_List"/>
		from customer where del_flag = '0' AND user_name = #{userName,jdbcType=INTEGER}
	</select>

</mapper>