<?xml version="1.0" encoding="gbk"?>
<beans xmlns="http://www.springframework.org/schema/beans"
       xmlns:xsi="http://www.w3.org/2001/XMLSchema-instance"
       xsi:schemaLocation="http://www.springframework.org/schema/beans
        http://www.springframework.org/schema/beans/spring-beans.xsd">


    <bean id="executorService" class="org.finace.utils.concurrent.ExecutorService"></bean>
	<bean id="dataProperties" class="org.finace.utils.prop.DataProperties">
		<property name="fileEncoding" value="utf8"></property>
		<property name="locations">
			<list>
				<value>classpath:test/*.properties</value>
			</list>
		</property>
	</bean>


</beans>
