<?xml version="1.0" encoding="UTF-8"?>
<beans xmlns="http://www.springframework.org/schema/beans"
       xmlns:xsi="http://www.w3.org/2001/XMLSchema-instance"
       xmlns:context="http://www.springframework.org/schema/context"
       xsi:schemaLocation="http://www.springframework.org/schema/beans http://www.springframework.org/schema/beans/spring-beans-4.3.xsd
	 http://www.springframework.org/schema/context http://www.springframework.org/schema/context/spring-context-4.3.xsd">

    <!-- 采用注释的方式配置bean -->
    <context:annotation-config/>

    <!-- 配置要扫描的包 -->
    <context:component-scan base-package="org.nessary.project.service.merchandiseModify"/>

    <!-- 读入配置属性文件 -->
    <bean class="org.nessary.project.utils.prop.DataProperties">
        <property name="location" value="classpath:root.properties"></property>
        <property name="fileEncoding" value="utf-8"></property>
    </bean>

    <import resource="app_mybatis.xml"/>
    <import resource="app_dubbo_providers.xml"/>

</beans>
