<?xml version="1.0" encoding="UTF-8"?>
<beans xmlns="http://www.springframework.org/schema/beans"
       xmlns:xsi="http://www.w3.org/2001/XMLSchema-instance"
       xsi:schemaLocation="http://www.springframework.org/schema/beans http://www.springframework.org/schema/beans/spring-beans.xsd">

    <!-- 配置数据库连接池 -->
    <bean id="dataSource" class="com.alibaba.druid.pool.DruidDataSource" init-method="init" destroy-method="close">
        <!-- 基本属性 url、user、password -->
        <property name="url" value="${jdbc.url}"/>
        <property name="username" value="${jdbc.user}"/>
        <property name="password" value="${jdbc.pass}"/>

        <!-- 配置初始化大小、最小、最大 -->
        <property name="initialSize" value="${jdbc.init.size}"/>
        <property name="minIdle" value="${jdbc.min.size}"/>
        <property name="maxActive" value="${jdbc.max.size}"/>

        <!-- 配置获取连接等待超时的时间 -->
        <property name="maxWait" value="${jdbc.wait.time}"/>

        <!-- 配置间隔多久才进行一次检测，检测需要关闭的空闲连接，单位是毫秒 -->
        <property name="timeBetweenEvictionRunsMillis" value="${jdbc.check.time}"/>

        <!-- 配置一个连接在池中最小生存的时间，单位是毫秒 -->
        <property name="minEvictableIdleTimeMillis" value="${jdbc.min.init.time}"/>

        <property name="validationQuery" value="SELECT 'x'"/>
        <property name="testWhileIdle" value="true"/>
        <property name="testOnBorrow" value="false"/>
        <property name="testOnReturn" value="false"/>

        <!-- 打开PSCache，并且指定每个连接上PSCache的大小 -->
        <property name="poolPreparedStatements" value="true"/>
        <property name="maxPoolPreparedStatementPerConnectionSize" value="20"/>

        <!-- 配置监控统计拦截的filters，去掉后监控界面sql无法统计 -->
        <property name="filters" value="stat"/>
    </bean>


    <!-- spring和MyBatis完美整合，不需要mybatis的配置映射文件 -->
    <bean id="sqlSessionFactory" class="org.mybatis.spring.SqlSessionFactoryBean">
        <property name="dataSource" ref="dataSource"></property>
        <!-- 指定sqlMapConfig总配置文件，订制的environment在spring容器中不在生效 -->
        <property name="configLocation" value="classpath:service/merchandiseModify/app_mybatis_config.xml"></property>
        <property name="mapperLocations"
                  value="classpath:service/merchandiseModify/mapper/*.xml"></property>
    </bean>


    <!-- DAO接口所在包名，Spring会自动查找其下的类 -->
    <bean class="org.mybatis.spring.mapper.MapperScannerConfigurer">
        <!--第一个加载的是mapper的地址 第二个加载的是暴露service的地址-->
        <property name="basePackage"
                  value="org.nessary.project.service.merchandiseModify.mapper,org.nessary.project.facade.merchandise.service"/>
        <property name="sqlSessionFactoryBeanName" value="sqlSessionFactory"></property>
    </bean>
   

</beans>
