<?xml version="1.0" encoding="UTF-8"?>
<!DOCTYPE mapper PUBLIC "-//mybatis.org//DTD Mapper 3.0//EN" "http://mybatis.org/dtd/mybatis-3-mapper.dtd">
<mapper namespace="com.goldplusgold.td.user.mapper.config.IConfigMapper">
  <resultMap id="BaseResultMap" type="Config">
    <id column="id" jdbcType="VARCHAR" property="id" />
    <result column="create_by" jdbcType="VARCHAR" property="createBy" />
    <result column="create_date" jdbcType="TIMESTAMP" property="createTime" />
    <result column="update_by" jdbcType="VARCHAR" property="updateBy" />
    <result column="update_date" jdbcType="TIMESTAMP" property="updateTime" />
    <result column="remarks" jdbcType="VARCHAR" property="remarks" />
    <result column="del_flag" jdbcType="VARCHAR" property="delFlag" />
    <result column="config_name" jdbcType="VARCHAR" property="configName" />
    <result column="config_value" jdbcType="VARCHAR" property="configValue" />
    <result column="description" jdbcType="VARCHAR" property="description" />
  </resultMap>
  <sql id="Base_Column_List">
    id, create_by, create_date, update_by, update_date, remarks, del_flag, config_name, 
    config_value, description
  </sql>
  <select id="selectById" parameterType="String" resultMap="BaseResultMap">
    select 
    <include refid="Base_Column_List" />
    from config
    where id = #{id,jdbcType=VARCHAR} and del_flag = '0'
  </select>

    <select id="selectValueByName" parameterType="String" resultMap="BaseResultMap">
        select
        <include refid="Base_Column_List" />
        from config
        where config_name = #{configName,jdbcType=VARCHAR} and del_flag = '0'
    </select>
</mapper>