<?xml version="1.0" encoding="UTF-8"?>
<!DOCTYPE mapper PUBLIC "-//mybatis.org//DTD Mapper 3.0//EN" "http://mybatis.org/dtd/mybatis-3-mapper.dtd">
<mapper namespace="com.goldplusgold.td.user.mapper.user.ICustomerMapper">
	<resultMap id="BaseResultMap" type="Customer">
		<id column="id" jdbcType="VARCHAR" property="id" />
		<result column="user_name" jdbcType="VARCHAR" property="userName" />
		<result column="password" jdbcType="VARCHAR" property="password" />
		<result column="nickname" jdbcType="VARCHAR" property="nickname" />
		<result column="head_image" jdbcType="VARCHAR" property="headImage" />
		<result column="client_id" jdbcType="VARCHAR" property="clientId" />
		<result column="imei" jdbcType="VARCHAR" property="imei" />
		<result column="source" jdbcType="VARCHAR" property="source" />
		<result column="create_by" jdbcType="VARCHAR" property="createBy" />
		<result column="create_date" jdbcType="TIMESTAMP" property="createTime" />
		<result column="update_by" jdbcType="VARCHAR" property="updateBy" />
		<result column="update_date" jdbcType="TIMESTAMP" property="updateTime" />
		<result column="remarks" jdbcType="VARCHAR" property="remarks" />
		<result column="del_flag" jdbcType="VARCHAR" property="delFlag" />
	</resultMap>
	<sql id="Base_Column_List">
		id, user_name, password, nickname, head_image, client_id, imei, source,
		create_by,create_date,update_by,update_date,remarks,del_flag
	</sql>

	<select id="selectById" parameterType="String" resultMap="BaseResultMap">
		SELECT <include refid="Base_Column_List" /> FROM customer WHERE id = #{id} and del_flag = '0'
	</select>

	<select id="selectByUserName" parameterType="String" resultMap="BaseResultMap">
		SELECT <include refid="Base_Column_List" /> FROM customer WHERE user_name = #{userName} and del_flag = '0'
	</select>

	<insert id="saveCustomer" parameterType="Customer">
		<selectKey keyProperty="id" resultType="string" order="BEFORE">
			select replace(uuid(),'-','') from dual
		</selectKey>
		insert into customer (
		<include refid="Base_Column_List"/>
		)
		values (#{id,jdbcType=VARCHAR},
		#{userName,jdbcType=VARCHAR},
		#{password,jdbcType=VARCHAR},
		#{nickname,jdbcType=VARCHAR},
		#{headImage,jdbcType=VARCHAR},
		#{clientId,jdbcType=VARCHAR},
		#{imei,jdbcType=VARCHAR},
		#{source,jdbcType=VARCHAR},
		#{createBy,jdbcType=VARCHAR},
		#{createTime, jdbcType=TIMESTAMP},
		#{updateBy,jdbcType=VARCHAR},
		#{updateTime, jdbcType=TIMESTAMP},
		#{remarks,jdbcType=VARCHAR},
		#{delFlag,jdbcType=VARCHAR})
	</insert>

	<update id="updateCustomer" parameterType="Customer">
		update customer
		<set>
			<if test="password != null">
				password = #{password,jdbcType=VARCHAR},
			</if>
			<if test="nickname != null">
				nickname = #{nickname,jdbcType=VARCHAR},
			</if>
			<if test="headImage != null">
				head_image = #{headImage,jdbcType=VARCHAR},
			</if>
			<if test="clientId != null">
				client_id = #{clientId,jdbcType=VARCHAR},
			</if>
			<if test="imei != null">
				imei = #{imei,jdbcType=VARCHAR},
			</if>
			<if test="remarks != null">
				remarks = #{remarks,jdbcType=VARCHAR},
			</if>
			<if test="delFlag != null">
				del_flag = #{delFlag,jdbcType=INTEGER},
			</if>
			update_date = NOW()
		</set>
		where user_name = #{userName,jdbcType=VARCHAR}
	</update>

</mapper>