<?xml version="1.0" encoding="UTF-8"?>
<!DOCTYPE mapper PUBLIC "-//mybatis.org//DTD Mapper 3.0//EN" "http://mybatis.org/dtd/mybatis-3-mapper.dtd">
<mapper namespace="com.goldplusgold.td.user.mapper.user.ILoginRecordMapper">
	<resultMap id="BaseResultMap" type="LoginRecord">
		<id column="id" jdbcType="VARCHAR" property="id" />
		<result column="customer_id" jdbcType="VARCHAR" property="customerID" />
		<result column="ip" jdbcType="VARCHAR" property="ip" />
		<result column="imei" jdbcType="VARCHAR" property="imei" />
		<result column="device_type" jdbcType="INTEGER" property="deviceType" />
		<result column="login_type" jdbcType="INTEGER" property="loginType" />
		<result column="create_by" jdbcType="VARCHAR" property="createBy"/>
		<result column="create_date" jdbcType="TIMESTAMP" property="createTime"/>
		<result column="update_by" jdbcType="VARCHAR" property="updateBy"/>
		<result column="update_date" jdbcType="TIMESTAMP" property="updateTime"/>
		<result column="remarks" jdbcType="VARCHAR" property="remarks"/>
		<result column="del_flag" jdbcType="VARCHAR" property="delFlag"/>
	</resultMap>
	<sql id="Base_Column_List">
		id, customer_id, ip, imei, device_type, login_type,
		create_by,create_date,update_by,update_date,remarks,del_flag
	</sql>

	<insert id="saveLoginRecord" parameterType="LoginRecord">
		<selectKey keyProperty="id" resultType="string" order="BEFORE">
			select replace(uuid(),'-','') from dual
		</selectKey>
		insert into login_record (<include refid="Base_Column_List"/>)
		values (#{id, jdbcType=VARCHAR},
		#{customerID,jdbcType=VARCHAR},
		#{ip,jdbcType=VARCHAR},
		#{imei,jdbcType=VARCHAR},
		#{deviceType,jdbcType=INTEGER},
		#{loginType,jdbcType=INTEGER},
		#{createBy,jdbcType=VARCHAR},
		#{createTime, jdbcType=TIMESTAMP},
		#{updateBy,jdbcType=VARCHAR},
		#{updateTime, jdbcType=TIMESTAMP},
		#{remarks,jdbcType=VARCHAR},
		#{delFlag,jdbcType=VARCHAR})
	</insert>

	<select id="selectFailedCountOfLogin" resultType="Integer">
		SELECT
		count(1)
		FROM
		(
		SELECT
		*
		FROM
		login_record
		WHERE
		DATE_FORMAT(create_date, '%Y%m%d') = DATE_FORMAT(NOW(), '%Y%m%d')
		AND DATE_FORMAT(
		date_add(
		create_date,
		INTERVAL 30 MINUTE
		),
		'%Y%m%d%H%i%S'
		) > DATE_FORMAT(NOW(), '%Y%m%d%H%i%S')
		AND customer_id = #{customerID}
		ORDER BY
		create_date DESC
		) t
		WHERE
		t.login_type != '0'
	</select>
	<update id="updateLoginTypeByUserId">
		update login_record set login_type = #{loginType,jdbcType=INTEGER},update_date = CURRENT_TIMESTAMP ()
		where customer_id = #{customerID,jdbcType=VARCHAR} and DATE_FORMAT(create_date,'%Y%m%d')=DATE_FORMAT(NOW(),'%Y%m%d')
	</update>
</mapper>