<?xml version="1.0" encoding="UTF-8"?>
<!DOCTYPE mapper PUBLIC "-//mybatis.org//DTD Mapper 3.0//EN" "http://mybatis.org/dtd/mybatis-3-mapper.dtd">
<mapper namespace="com.goldplusgold.td.user.mapper.sms.IMessageTemplateMapper">
	<resultMap id="BaseResultMap" type="MessageTemplate">
		<id column="id" jdbcType="VARCHAR" property="id" />
		<result column="name" jdbcType="VARCHAR" property="name" />
		<result column="content" jdbcType="VARCHAR" property="content" />
		<result column="category" jdbcType="VARCHAR" property="category" />
		<result column="apply_status" jdbcType="VARCHAR" property="applyStatus" />
		<result column="create_by" jdbcType="VARCHAR" property="createBy" />
		<result column="create_date" jdbcType="TIMESTAMP" property="createTime" />
		<result column="update_by" jdbcType="VARCHAR" property="updateBy" />
		<result column="update_date" jdbcType="TIMESTAMP" property="updateTime" />
		<result column="remarks" jdbcType="VARCHAR" property="remarks" />
		<result column="del_flag" jdbcType="VARCHAR" property="delFlag" />
	</resultMap>
	<sql id="Base_Column_List">
		id, `name`, content,category,apply_status,create_by,create_date,update_by,update_date,remarks,del_flag
	</sql>

	<select id="selectTemplates" parameterType="MessageTemplate" resultMap="BaseResultMap">
		select
		<include refid="Base_Column_List"/>
		from message_template
		<where>
			<if test="id != null">id = #{id,jdbcType=VARCHAR}</if>
			<if test="createBy != null">AND create_by = #{createBy,jdbcType=VARCHAR}</if>
			<if test="updateBy != null">AND update_by = #{updateBy,jdbcType=VARCHAR}</if>
			<if test="remarks != null">AND remarks = #{remarks,jdbcType=VARCHAR}</if>
			<if test="delFlag != null">AND del_flag = #{delFlag,jdbcType=VARCHAR}</if>
			<if test="name != null">AND `name` = #{name,jdbcType=VARCHAR}</if>
			<if test="category != null">AND category = #{category,jdbcType=VARCHAR}</if>
			<if test="applyStatus != null">AND apply_status = #{applyStatus,jdbcType=VARCHAR}</if>
		</where>
	</select>

</mapper>