<?xml version="1.0" encoding="UTF-8"?>
<!DOCTYPE mapper PUBLIC "-//mybatis.org//DTD Mapper 3.0//EN" "http://mybatis.org/dtd/mybatis-3-mapper.dtd">
<mapper namespace="com.goldplusgold.td.user.mapper.sms.IMessageRecordLogMapper">
	<resultMap id="BaseResultMap" type="MessageRecordLog">
		<id column="id" jdbcType="VARCHAR" property="id" />
		<result column="phone" jdbcType="VARCHAR" property="phone" />
		<result column="content" jdbcType="VARCHAR" property="content" />
		<result column="send_type" jdbcType="VARCHAR" property="sendType" />
		<result column="ip" jdbcType="VARCHAR" property="ip" />
		<result column="return_code" jdbcType="VARCHAR" property="returnCode" />
		<result column="create_by" jdbcType="VARCHAR" property="createBy" />
		<result column="create_date" jdbcType="TIMESTAMP" property="createTime" />
		<result column="update_by" jdbcType="VARCHAR" property="updateBy" />
		<result column="update_date" jdbcType="TIMESTAMP" property="updateTime" />
		<result column="remarks" jdbcType="VARCHAR" property="remarks" />
		<result column="del_flag" jdbcType="VARCHAR" property="delFlag" />
	</resultMap>
	<sql id="Base_Column_List">
		id, phone, content, send_type, ip, return_code, create_by, create_date, update_by,
		update_date, remarks, del_flag
	</sql>

	<insert id="saveMessageMessageLog" parameterType="MessageRecordLog">
		<selectKey keyProperty="id" resultType="string" order="BEFORE">
			select replace(uuid(),'-','') from dual
		</selectKey>
		insert into message_record_log (id,phone, content, send_type,
		ip, return_code, create_by,
		create_date, update_by, update_date,
		remarks, del_flag)
		values (#{id, jdbcType=VARCHAR},#{phone,jdbcType=VARCHAR}, #{content,jdbcType=VARCHAR}, #{sendType,jdbcType=VARCHAR},
		#{ip,jdbcType=VARCHAR}, #{returnCode,jdbcType=VARCHAR}, #{createBy,jdbcType=VARCHAR},
		CURRENT_TIMESTAMP(), #{updateBy,jdbcType=VARCHAR}, CURRENT_TIMESTAMP(),
		#{remarks,jdbcType=VARCHAR}, #{delFlag,jdbcType=VARCHAR})
	</insert>

	<select id="selectMessageMessageLogs" parameterType="MessageRecordLog" resultMap="BaseResultMap">
		select
		<include refid="Base_Column_List"/>
		from message_record_log
		<where>
			TO_DAYS(create_date) = TO_DAYS(NOW()) and send_type in ('0','1')
			<if test="phone != null">
				and phone = #{phone}
			</if>
			<if test="ip != null">
				and ip = #{ip}
			</if>
		</where>

	</select>

	<select id="selectVerifyCodeIsIntervalTime" resultType="int">
		select count(1) from message_record_log where
		<![CDATA[
         phone=#{phone} and NOW() < DATE_ADD(update_date,INTERVAL #{intervalTime} SECOND) and send_type in ('0','1')
          ]]>
	</select>


</mapper>