<?xml version="1.0" encoding="UTF-8"?>
<!DOCTYPE mapper PUBLIC "-//mybatis.org//DTD Mapper 3.0//EN" "http://mybatis.org/dtd/mybatis-3-mapper.dtd">
<mapper namespace="com.goldplusgold.td.user.mapper.verifycode.IVerifyCodeMapper">
	<resultMap id="BaseResultMap" type="VerifyCode">
		<id column="id" jdbcType="VARCHAR" property="id" />
		<result column="phone" jdbcType="VARCHAR" property="phone" />
		<result column="verify_code" jdbcType="VARCHAR" property="verifyCode" />
		<result column="create_by" jdbcType="VARCHAR" property="createBy" />
		<result column="create_date" jdbcType="TIMESTAMP" property="createTime" />
		<result column="update_by" jdbcType="VARCHAR" property="updateBy" />
		<result column="update_date" jdbcType="TIMESTAMP" property="updateTime" />
		<result column="remarks" jdbcType="VARCHAR" property="remarks" />
		<result column="del_flag" jdbcType="VARCHAR" property="delFlag" />
	</resultMap>
	<sql id="Base_Column_List">
		id, phone, verify_code,	create_by,create_date,update_by,update_date,remarks,del_flag
	</sql>

	<select id="selectVerifyCodeByPhone" parameterType="String" resultMap="BaseResultMap">
		SELECT <include refid="Base_Column_List" /> FROM verify_code WHERE phone = #{phone} and del_flag = '0'
	</select>

	<insert id="saveVerifyCode" parameterType="VerifyCode">
		<selectKey keyProperty="id" resultType="string" order="BEFORE">
			select replace(uuid(),'-','') from dual
		</selectKey>
		insert into verify_code (id,phone, verify_code,
		create_by,create_date,update_by,update_date,remarks,del_flag)
		values (#{id,jdbcType=VARCHAR},
		#{phone,jdbcType=VARCHAR},
		#{verifyCode,jdbcType=VARCHAR},
		#{createBy,jdbcType=VARCHAR},
		#{createTime, jdbcType=TIMESTAMP},
		#{updateBy,jdbcType=VARCHAR},
		#{updateTime, jdbcType=TIMESTAMP},
		#{remarks,jdbcType=VARCHAR},
		#{delFlag,jdbcType=VARCHAR})
	</insert>

	<!-- 更新用户验证码 -->
	<update id="updateVerifyCode" parameterType="VerifyCode">
		update verify_code set
		update_date = current_timestamp(),verify_code = #{verifyCode} where phone = #{phone}
	</update>

	<!-- 判断用户验证码是否失效 -->
	<select id="verifyCodeExpriedTime" resultType="Integer">
		select count(1) from verify_code where NOW() &gt;
		DATE_ADD(update_date,INTERVAL #{expireTime} MINUTE) and phone=#{phone}
	</select>

	<!-- 判断用户验证码是否正确 -->
	<select id="verifyCodeIsCorrect" parameterType="VerifyCode" resultType="Integer">
		select count(1) from verify_code where phone=#{phone} and verify_code=#{verifyCode}
	</select>

</mapper>