<?xml version="1.0" encoding="UTF-8"?>
<beans xmlns="http://www.springframework.org/schema/beans"
       xmlns:xsi="http://www.w3.org/2001/XMLSchema-instance"
       xsi:schemaLocation="http://www.springframework.org/schema/beans
        http://www.springframework.org/schema/beans/spring-beans.xsd">

    <!--   &lt;!&ndash;加载配置&ndash;&gt;
       <context:property-placeholder location="defaultLink.properties"></context:property-placeholder>


       <bean id="jedisPoolConfig" class="redis.clients.jedis.JedisPoolConfig">
           <property name="maxTotal">
               <value>${redis.pool.maxTotal}</value>
           </property>
           <property name="maxIdle">
               <value>${redis.pool.maxIdle}</value>
           </property>
           <property name="testOnBorrow" value="true"/>
           <property name="testOnReturn" value="true"/>
       </bean>

       <bean id="shardedJedisPool" class="redis.clients.jedis.ShardedJedisPool"  scope="singleton">
           <constructor-arg index="0" ref="jedisPoolConfig" />
           <constructor-arg index="1">
               <list>
                   <bean class="redis.clients.jedis.JedisShardInfo">
                       <constructor-arg name="host" value="${redis.uri}" />
                   </bean>
               </list>
           </constructor-arg>
       </bean>-->
    <bean id="cacheTemplete" class="org.finace.utils.cache.CacheTemplete"></bean>

    <bean id="userUtils" class="org.finace.utils.screct.UserUtils">
        <property name="cacheTemplete" ref="cacheTemplete"></property>
    </bean>
</beans>
