<?xml version="1.0" encoding="UTF-8"?>
<configuration debug="true">
    <!-- 应用名称 -->
    <property name="APP_NAME" value="utils"/>
    <!--日志文件的保存路径,首先查找系统属性-Dlog.dir,如果存在就使用其；否则，在当前目录下创建名为logs目录做日志存放的目录 -->
    <property name="LOG_HOME" value="${catalina.base}/log/${APP_NAME}"/>
    <!-- 日志输出格式 -->
    <property name="ENCODER_PATTERN"
              value="%d{yyyy-MM-dd  HH:mm:ss.SSS} [%thread] %-5level %logger{80} - %msg%n"/>
    <contextName>${APP_NAME}</contextName>
s
    <!-- 控制台日志：输出全部日志到控制台 -->
    <appender name="STDOUT" class="ch.qos.logback.core.ConsoleAppender">
        <encoder class="ch.qos.logback.classic.encoder.PatternLayoutEncoder">
            <Pattern>${ENCODER_PATTERN}</Pattern>
        </encoder>
    </appender>

    <!-- 文件日志：输出全部日志到文件 -->
    <appender name="FILE"
              class="ch.qos.logback.core.rolling.RollingFileAppender">
        <rollingPolicy class="ch.qos.logback.core.rolling.TimeBasedRollingPolicy">
            <fileNamePattern>${LOG_HOME}/${APP_NAME}-%d{yyyy-MM-dd}.log.zip</fileNamePattern>
            <maxHistory>7</maxHistory>
        </rollingPolicy>
        <encoder class="ch.qos.logback.classic.encoder.PatternLayoutEncoder">
            <pattern>${ENCODER_PATTERN}</pattern>
        </encoder>
        <!--日志文件最大的大小-->
        <triggeringPolicy class="ch.qos.logback.core.rolling.SizeBasedTriggeringPolicy">
            <MaxFileSize>250MB</MaxFileSize>
        </triggeringPolicy>
    </appender>

    <logger name="org.finace.utils" level="warn">
        <appender-ref ref="FILE"/>
        <appender-ref ref="STDOUT"/>
    </logger>

  <!--  <root>
        <level value="DEBUG"/>
        <appender-ref ref="STDOUT"/>
        <appender-ref ref="FILE"/>
    </root>-->
</configuration>