<?xml version="1.0" encoding="UTF-8" ?>
<!DOCTYPE mapper PUBLIC "-//mybatis.org//DTD Mapper 3.0//EN" "http://mybatis.org/dtd/mybatis-3-mapper.dtd">
<mapper namespace="com.jeeplus.modules.business.dao.bannerimage.BannerDao">

    <sql id="bannerColumns">
		a.id AS "id",
		a.name AS "name",
		a.img_url AS "imgUrl",
		a.use_to AS "useTo",
		a.img_type AS "imgType",
		a.description AS "description",
		a.click_count AS "clickCount",
		a.link_url AS "linkUrl",
		a.carousel_type AS "carouselType",
		a.create_by AS "createBy.id",
		a.create_date AS "createDate",
		a.update_by AS "updateBy.id",
		a.update_date AS "updateDate",
		a.remarks AS "remarks",
		a.del_flag AS "delFlag",
		a.link_url_type AS "linkUrlType"
	</sql>

    <sql id="bannerJoins">
    </sql>

    <select id="get" resultType="Banner">
        SELECT
        <include refid="bannerColumns"/>
        FROM banner a
        <include refid="bannerJoins"/>
        WHERE a.id = #{id}
    </select>

    <select id="findList" resultType="Banner">
        SELECT
        <include refid="bannerColumns"/>
        FROM banner a
        <include refid="bannerJoins"/>
        <where>
            a.del_flag = #{DEL_FLAG_NORMAL}
            <if test="name != null and name != ''">
                AND a.name = #{name}
            </if>
            <if test="useTo != null and useTo != ''">
                AND a.use_to = #{useTo}
            </if>
            <if test="imgType != null and imgType != ''">
                AND a.img_type = #{imgType}
            </if>
            <if test="carouselType != null and carouselType != ''">
                AND a.carousel_type = #{carouselType}
            </if>
        </where>
        <choose>
            <when test="page !=null and page.orderBy != null and page.orderBy != ''">
                ORDER BY ${page.orderBy}
            </when>
            <otherwise>
                ORDER BY a.update_date DESC
            </otherwise>
        </choose>
    </select>

    <select id="findAllList" resultType="Banner">
        SELECT
        <include refid="bannerColumns"/>
        FROM banner a
        <include refid="bannerJoins"/>
        <where>
            a.del_flag = #{DEL_FLAG_NORMAL}
        </where>
        <choose>
            <when test="page !=null and page.orderBy != null and page.orderBy != ''">
                ORDER BY ${page.orderBy}
            </when>
            <otherwise>
                ORDER BY a.update_date DESC
            </otherwise>
        </choose>
    </select>

    <insert id="insert">
		INSERT INTO banner(
			id,
			name,
			img_url,
			use_to,
			img_type,
			description,
			click_count,
			link_url,
			carousel_type,
			create_by,
			create_date,
			update_by,
			update_date,
			remarks,
			del_flag,
			link_url_type
		) VALUES (
			#{id},
			#{name},
			#{imgUrl},
			#{useTo},
			#{imgType},
			#{description},
			#{clickCount},
			#{linkUrl},
			#{carouselType},
			#{createBy.id},
			#{createDate},
			#{updateBy.id},
			#{updateDate},
			#{remarks},
			#{delFlag},
			#{linkUrlType}
		)
	</insert>

    <update id="update">
		UPDATE banner SET 	
			name = #{name},
			img_url = #{imgUrl},
			use_to = #{useTo},
			img_type = #{imgType},
			description = #{description},
			click_count = #{clickCount},
			link_url = #{linkUrl},
			carousel_type = #{carouselType},
			update_by = #{updateBy.id},
			update_date = #{updateDate},
			remarks = #{remarks},
			link_url_type = #{linkUrlType}
		WHERE id = #{id}
	</update>


    <!--物理删除-->
    <update id="delete">
		DELETE FROM banner
		WHERE id = #{id}
	</update>

    <!--逻辑删除-->
    <update id="deleteByLogic">
		UPDATE banner SET 
			del_flag = #{DEL_FLAG_DELETE}
		WHERE id = #{id}
	</update>


    <!-- 根据实体名称和字段名称和字段值获取唯一记录 -->
    <select id="findUniqueByProperty" resultType="Banner" statementType="STATEMENT">
		select * FROM banner  where ${propertyName} = '${value}'
	</select>
</mapper>