<?xml version="1.0" encoding="UTF-8"?>
<ehcache updateCheck="false" name="defaultCache">

	<diskStore path="../temp/jeeplus/ehcache" />

	<!-- 默认缓存配置. -->
	<defaultCache maxEntriesLocalHeap="100" eternal="false" timeToIdleSeconds="300" timeToLiveSeconds="600"
		overflowToDisk="true" maxEntriesLocalDisk="100000" />
	
	<!-- 系统缓存 -->
	<cache name="sysCache" maxEntriesLocalHeap="100" eternal="true" overflowToDisk="true"/>
	
	<!-- 用户缓存 -->
	<cache name="userCache" maxEntriesLocalHeap="100" eternal="true" overflowToDisk="true"/>
	
	<!-- 工作流模块缓存 -->
	<cache name="actCache" maxEntriesLocalHeap="100" eternal="true" overflowToDisk="true"/>
	
	<!-- 内容管理模块缓存
	<cache name="cmsCache" maxEntriesLocalHeap="100" eternal="true" overflowToDisk="true"/> -->
	
	<!-- 系统活动会话缓存 -->
    <cache name="activeSessionsCache" maxEntriesLocalHeap="10000" overflowToDisk="true"
           eternal="true" timeToLiveSeconds="0" timeToIdleSeconds="0"
           diskPersistent="true" diskExpiryThreadIntervalSeconds="600"/>
    
    <!-- 简单页面缓存
    <cache name="SimplePageCachingFilter" maxEntriesLocalHeap="100" eternal="false" overflowToDisk="true"
    	timeToIdleSeconds="120" timeToLiveSeconds="120" memoryStoreEvictionPolicy="LFU"/> -->
    	
</ehcache>