<mapping>
    <class name="com.goldplusgold.td.user.service.sms.yrzt.YrztSMSResults">
        <map-to xml="message"/>
        <field name="results" collection="map">
            <bind-xml name="field" location="body">
                <class name="org.exolab.castor.mapping.MapItem">
                    <field name="key" type="string">
                        <bind-xml name="name" node="attribute"/>
                    </field>
                    <field name="value" type="string">
                        <bind-xml node="text"/>
                    </field>
                </class>
            </bind-xml>
        </field>
    </class>
</mapping>