<?xml version="1.0" encoding="UTF-8"?>
<configuration debug="true">
    <!-- 应用名称 -->
    <property name="APP_NAME" value="public_config"/>
    <property name="LOG_PATH" value="c:/"/>
    <!--日志文件的保存路径,首先查找系统属性-Dlog.dir,如果存在就使用其；否则，在当前目录下创建名为logs目录做日志存放的目录 -->
    <property name="LOG_HOME" value="${LOG_PATH}/logs"/>
    <!-- 日志输出格式 -->
    <property name="ENCODER_PATTERN"
              value="%d{yyyy-MM-dd  HH:mm:ss.SSS} [%thread] %-5level %logger{80} - %msg%n"/>
    <contextName>${APP_NAME}</contextName>

    <!-- 控制台日志：输出全部日志到控制台 -->
    <appender name="STDOUT" class="ch.qos.logback.core.ConsoleAppender">
        <encoder class="ch.qos.logback.classic.encoder.PatternLayoutEncoder">
            <Pattern>${ENCODER_PATTERN}</Pattern>
        </encoder>
    </appender>

    <!--最高错误级别日志的log root-->
    <appender name="PUBLIC_WARN_LOG"
              class="ch.qos.logback.core.rolling.RollingFileAppender">
        <!--这里修改成应用名-->
        <File>${LOG_HOME}/public/warn/logs.log</File>
        <encoder>
            <pattern>${ENCODER_PATTERN}</pattern>
        </encoder>
        <rollingPolicy class="ch.qos.logback.core.rolling.TimeBasedRollingPolicy">
            <timeBasedFileNamingAndTriggeringPolicy
                    class="ch.qos.logback.core.rolling.SizeAndTimeBasedFNATP">
                <maxFileSize>20Mb</maxFileSize>
            </timeBasedFileNamingAndTriggeringPolicy>
            <!--这里修改成应用名-->
            <FileNamePattern>${LOG_HOME}/public/warn/logs-%d{yyyy-MM-dd}-%i.log.gz
            </FileNamePattern>
            <MaxHistory>30</MaxHistory>
        </rollingPolicy>
    </appender>


    <!--utils公共的的log root-->
    <appender name="PUBLIC_UTILS_LOG"
              class="ch.qos.logback.core.rolling.RollingFileAppender">
        <!--这里修改成应用名-->
        <File>${LOG_HOME}/public/utils/logs.log</File>
        <encoder>
            <pattern>${ENCODER_PATTERN}</pattern>
        </encoder>
        <rollingPolicy class="ch.qos.logback.core.rolling.TimeBasedRollingPolicy">
            <timeBasedFileNamingAndTriggeringPolicy
                    class="ch.qos.logback.core.rolling.SizeAndTimeBasedFNATP">
                <maxFileSize>20Mb</maxFileSize>
            </timeBasedFileNamingAndTriggeringPolicy>
            <!--这里修改成应用名-->
            <FileNamePattern>${LOG_HOME}/public/utils/logs-%d{yyyy-MM-dd}-%i.log.gz
            </FileNamePattern>
            <MaxHistory>30</MaxHistory>
        </rollingPolicy>
    </appender>


    <!--web服务的user的log root-->
    <appender name="WEB_USER_LOG"
              class="ch.qos.logback.core.rolling.RollingFileAppender">
        <!--这里修改成应用名-->
        <File>${LOG_HOME}/web/user/logs.log</File>
        <encoder>
            <pattern>${ENCODER_PATTERN}</pattern>
        </encoder>
        <rollingPolicy class="ch.qos.logback.core.rolling.TimeBasedRollingPolicy">
            <timeBasedFileNamingAndTriggeringPolicy
                    class="ch.qos.logback.core.rolling.SizeAndTimeBasedFNATP">
                <maxFileSize>20Mb</maxFileSize>
            </timeBasedFileNamingAndTriggeringPolicy>
            <!--这里修改成应用名-->
            <FileNamePattern>${LOG_HOME}/web/user/logs-%d{yyyy-MM-dd}-%i.log.gz
            </FileNamePattern>
            <MaxHistory>30</MaxHistory>
        </rollingPolicy>
    </appender>


    <!--web服务的admin_developer的log root-->
    <appender name="WEB_ADMIN_DEVELOPER_LOG"
              class="ch.qos.logback.core.rolling.RollingFileAppender">
        <!--这里修改成应用名-->
        <File>${LOG_HOME}/web/admin/developer/logs.log</File>
        <encoder>
            <pattern>${ENCODER_PATTERN}</pattern>
        </encoder>
        <rollingPolicy class="ch.qos.logback.core.rolling.TimeBasedRollingPolicy">
            <timeBasedFileNamingAndTriggeringPolicy
                    class="ch.qos.logback.core.rolling.SizeAndTimeBasedFNATP">
                <maxFileSize>20Mb</maxFileSize>
            </timeBasedFileNamingAndTriggeringPolicy>
            <!--这里修改成应用名-->
            <FileNamePattern>${LOG_HOME}/web/admin/developer/logs-%d{yyyy-MM-dd}-%i.log.gz
            </FileNamePattern>
            <MaxHistory>30</MaxHistory>
        </rollingPolicy>
    </appender>


    <!--user服务service的log root-->
    <appender name="SERVICE_USER_LOG"
              class="ch.qos.logback.core.rolling.RollingFileAppender">
        <File>${LOG_HOME}/service/user/logs.log</File>
        <encoder>
            <pattern>${ENCODER_PATTERN}</pattern>
        </encoder>
        <rollingPolicy class="ch.qos.logback.core.rolling.TimeBasedRollingPolicy">
            <timeBasedFileNamingAndTriggeringPolicy
                    class="ch.qos.logback.core.rolling.SizeAndTimeBasedFNATP">
                <maxFileSize>20Mb</maxFileSize>
            </timeBasedFileNamingAndTriggeringPolicy>
            <FileNamePattern>${LOG_HOME}/service/user/logs.log-%d{yyyy-MM-dd}-%i.log.gz
            </FileNamePattern>
            <MaxHistory>30</MaxHistory>
        </rollingPolicy>
    </appender>


    <!--utils公共的的log root-->
    <logger name="org.nessary.project.utils" level="INFO">
        <appender-ref ref="PUBLIC_UTILS_LOG"/>
        <appender-ref ref="STDOUT"/>
    </logger>


    <!--web服务的user的log-->
    <logger name="org.nessary.project.web.user" level="INFO">
        <appender-ref ref="WEB_USER_LOG"/>
        <appender-ref ref="STDOUT"/>
    </logger>


    <!--web服务的admin_developer的log-->
    <logger name="org.nessary.project.admin.developer" level="INFO">
        <appender-ref ref="WEB_ADMIN_DEVELOPER_LOG"/>
        <appender-ref ref="STDOUT"/>
    </logger>


    <!--user服务service的log-->
    <logger name="org.nessary.project.service.user" level="INFO">
        <appender-ref ref="SERVICE_USER_LOG"/>
        <appender-ref ref="STDOUT"/>
    </logger>

    <!--最高错误级别日志的log root-->
    <root>
        <level value="WARN"/>
        <appender-ref ref="STDOUT"/>
        <appender-ref ref="PUBLIC_WARN_LOG"/>
    </root>
</configuration>