<?xml version="1.0" encoding="UTF-8"?>
<beans xmlns="http://www.springframework.org/schema/beans"
	xmlns:context="http://www.springframework.org/schema/context" xmlns:p="http://www.springframework.org/schema/p"
	xmlns:aop="http://www.springframework.org/schema/aop" xmlns:xsi="http://www.w3.org/2001/XMLSchema-instance"
	xmlns:tx="http://www.springframework.org/schema/tx"
	xsi:schemaLocation="http://www.springframework.org/schema/beans http://www.springframework.org/schema/beans/spring-beans-3.1.xsd
		http://www.springframework.org/schema/context http://www.springframework.org/schema/context/spring-context-3.1.xsd
		 http://www.springframework.org/schema/tx http://www.springframework.org/schema/tx/spring-tx-3.1.xsd
		 http://www.springframework.org/schema/aop http://www.springframework.org/schema/aop/spring-aop-3.1.xsd">




	<!-- 自动扫描 -->
	<context:component-scan base-package="com.xiaoluo.spring_struts2" />


	<!-- 读取配置文件 -->
	<bean id="propertyConfigurer"
		class="org.springframework.beans.factory.config.PropertyPlaceholderConfigurer">
		<property name="location" value="classpath:jdbc.properties">
		</property>
		<!-- 加密 -->
		<property name="propertiesPersister">
			<bean class="com.xiaoluo.spring_struts2.util.LoginName" />
		</property>

		<property name="ignoreResourceNotFound" value="true" />

		<property name="fileEncoding">
			<value>UTF-8</value>
		</property>
	</bean>





	<!-- 数据库连接池 -->
	<bean id="dataSource" class="org.apache.commons.dbcp.BasicDataSource"
		destroy-method="close">
		<property name="driverClassName">
			<value>${jdbcDriverClassName}</value>
		</property>
		<property name="url">
			<value>${jdbcUrl}</value>
		</property>
		<property name="username">
			<value>${jdbcUsername}</value>
		</property>
		<property name="password">
			<value>${jdbcPassword}</value>
		</property>
		<property name="maxActive">
			<value>${jdbcMaxActive}</value>
		</property>
		<property name="maxIdle">
			<value>${jdbcMaxIdle}</value>
		</property>
		<property name="maxWait">
			<value>${jdbcMaxWait}</value>
		</property>
		<property name="defaultAutoCommit">
			<value>${jdbcDefaultAutoCommit}</value>
		</property>
	</bean>

	<!-- (事务管理)transaction manager, use JtaTransactionManager for global tx -->
	<bean id="transactionManager"
		class="org.springframework.jdbc.datasource.DataSourceTransactionManager">
		<property name="dataSource" ref="dataSource">
		</property>
	</bean>
	<!--采用注解的方式 -->
	<tx:annotation-driven transaction-manager="transactionManager" />


	<!-- spring和MyBatis完美整合，不需要mybatis的配置映射文件 -->
	<bean id="sqlSessionFactory" class="org.mybatis.spring.SqlSessionFactoryBean">
		<property name="dataSource" ref="dataSource"></property>
		<!-- 指定sqlMapConfig总配置文件，订制的environment在spring容器中不在生效 -->
		<property name="configLocation" value="classpath:sqlMapConfig.xml"></property>
		<property name="mapperLocations"
			value="classpath:com/xiaoluo/spring_struts2/mapper/*.xml"></property>
	</bean>


	<!-- DAO接口所在包名，Spring会自动查找其下的类 -->
	<bean class="org.mybatis.spring.mapper.MapperScannerConfigurer">
		<property name="basePackage" value="com.xiaoluo.spring_struts2.mapper" />
		<property name="sqlSessionFactoryBeanName" value="sqlSessionFactory"></property>
	</bean>


	<!-- 添加Aop扫描 -->
	<aop:aspectj-autoproxy proxy-target-class="true"></aop:aspectj-autoproxy>


</beans>