<?xml version="1.0" encoding="UTF-8" ?>
<!DOCTYPE struts PUBLIC
	"-//Apache Software Foundation//DTD Struts Configuration 2.3//EN"
	"http://struts.apache.org/dtds/struts-2.3.dtd">

  <struts>
   <package name="com.xiaoluo.spring_struts2" extends="struts-default" namespace="/demo">
   <action name="login">
   <result>/WEB-INF/demo/index.jsp</result>
   </action>
   </package>

<package name="com.xiaoluo.spring_struts2.FileController" extends="struts-default" namespace="/upload">
<action name="uploadLogin">
<result>/WEB-INF/upload/file.jsp</result>
</action>
</package>


</struts>