<?xml version="1.0" encoding="UTF-8" ?>
<!DOCTYPE struts PUBLIC
	"-//Apache Software Foundation//DTD Struts Configuration 2.3//EN"
	"http://struts.apache.org/dtds/struts-2.3.dtd">
<struts>





    <!-- 将struts2交给spring管理-->
    <constant name="struts.configuration.xml.reload" value="true"></constant>
    <constant name="struts.action.extension" value="action,do,,"></constant>
    <constant name="struts.enable.DynamicMethodInvocation" value="true"></constant>
    <constant name="struts.devMode" value="true"></constant>
    <constant name="struts.multipart.maxSize" value="100971520"></constant>
    <constant name="struts.i18n.encoding" value="UTF-8"></constant>
    <constant name="struts.objectFactory.spring.autoWire" value="name"></constant>
    <constant name="struts.objectFactory" value="spring"></constant>
    <!-- 配置国际化参数  在corex下的dafault.properties  value就是自定义的i18n的名称-->
<!-- 全局的配置是 value_国家名称_国家所在地 例如中国 value_zh_CN.properties-->
<!-- Action资源范围文件的命名方式为：actionName_language_country.properties -->
<!-- 包资源范围文件的命名方式为：package_language_country.properties注意不是packageName -->
    <constant name="struts.custom.i18n.resources" value="i18n"></constant>
    <!-- 注解约定，使用Action注解必须在这些后缀名后，不然报错 -->
    <!--默认<constant name="struts.convention.package.locators" value="action,actions,struts,struts2"/> -->
    <constant name="struts.convention.package.locators" value="spring_struts2"/>
   <!-- Struts2约定限制结果页面必须放到/WEB-INF/content/目录中，可以通过下面常量来修改这个限制。
    <constant name="struts.convention.result.path" value="/WEB-INF/content/"/> -->
   <constant name="struts.convention.result.path" value="/WEB-INF/"/>
 


    <include file="struts_user.xml"></include>


</struts>
