<?xml version="1.0" encoding="utf-8"?>
<beans xmlns="http://www.springframework.org/schema/beans"
       xmlns:aop="http://www.springframework.org/schema/aop"
       xmlns:context="http://www.springframework.org/schema/context"
       xmlns:mvc="http://www.springframework.org/schema/mvc"
       xmlns:xsi="http://www.w3.org/2001/XMLSchema-instance"
       xsi:schemaLocation="http://www.springframework.org/schema/beans http://www.springframework.org/schema/beans/spring-beans.xsd
		http://www.springframework.org/schema/context http://www.springframework.org/schema/context/spring-context.xsd
		http://www.springframework.org/schema/aop http://www.springframework.org/schema/aop/spring-aop.xsd
		http://www.springframework.org/schema/mvc http://www.springframework.org/schema/mvc/spring-mvc.xsd">

    <!-- 启动扫描所有的controller -->
    <context:component-scan base-package="org.finace"/>
    <!-- 开启注解 -->
    <mvc:annotation-driven/>


    <!--配置sessionFactory-->
    <!-- jsp页面解析器，当Controller返回XXX字符串时，先通过拦截器，然后该类就会在jsp/目录下，查找XXX.jsp文件 -->
    <bean class="org.springframework.web.servlet.view.InternalResourceViewResolver">
        <!--   <property name="prefix" value="/WEB-INF/">-->
        <property name="prefix" value="/WEB-INF/html/">
        </property>
        <property name="suffix" value=".jsp">
        </property>
    </bean>


    <!-- 解决@ResponseBody注解直接返回对象并转换成JSON时出现406问题，同时解决了返回String类型乱码的问题 -->
    <mvc:annotation-driven>
        <mvc:message-converters>
            <bean class="org.springframework.http.converter.StringHttpMessageConverter">
                <property name="supportedMediaTypes">
                    <list>
                        <value>text/plain;charset=UTF-8</value>
                        <value>text/html;charset=UTF-8</value>
                    </list>
                </property>
            </bean>
            <bean class="org.springframework.http.converter.json.MappingJackson2HttpMessageConverter">
                <property name="supportedMediaTypes">
                    <list>
                        <value>application/json; charset=UTF-8</value>
                        <value>application/x-www-form-urlencoded; charset=UTF-8</value>
                    </list>
                </property>
            </bean>
        </mvc:message-converters>
    </mvc:annotation-driven>

    <!-- 文件上传 -->
    <bean id="multipartResolver" class="org.springframework.web.multipart.commons.CommonsMultipartResolver">
        <property name="defaultEncoding">
            <value>UTF-8</value>
        </property>
        <property name="maxUploadSize">
            <value>32505856</value>
            <!-- 上传文件大小限制为31M，31*1024*1024 -->
        </property>
        <property name="maxInMemorySize">
            <value>4096</value>
        </property>
    </bean>

    <!-- 配置在springMvc中才起作用，或者说，先加载扫描包之后才起作用 -->
    <!--开始Aop注入 -->
    <aop:aspectj-autoproxy>
    </aop:aspectj-autoproxy>


</beans> 
