<?xml version="1.0" encoding="utf-8"?>
<beans xmlns="http://www.springframework.org/schema/beans"
       xmlns:xsi="http://www.w3.org/2001/XMLSchema-instance"
       xsi:schemaLocation="http://www.springframework.org/schema/beans
           http://www.springframework.org/schema/beans/spring-beans-3.2.xsd">

    <!-- 真正可以产生Connection的ConnectionFactor -->
    <bean id="connectionFactory" class="org.apache.activemq.ActiveMQConnectionFactory">
        <!-- ActiveMQ服务地址 -->
        <property name="brokerURL" value="${jms.url}"/>
        <property name="userName" value="${jms.name}"/>
        <property name="password" value="${jms.pass}"/>
    </bean>

    <!--发送队列-->
    <bean id="destination" class="org.apache.activemq.command.ActiveMQTopic">
        <constructor-arg value="${jms.schedule.sendTask}"/>
    </bean>
    <!-- spring jmsTemplete-->
    <bean id="jmsTemplate" class="org.springframework.jms.core.JmsTemplate">
        <property name="connectionFactory" ref="connectionFactory"/>
    </bean>

    <bean id="jmsSenderForSchedule" class="org.finace.utils.jms.JmsSender">
        <property name="destination" ref="destination"></property>
        <property name="jmsTemplate" ref="jmsTemplate"></property>
    </bean>

</beans>
