<?xml version="1.0" encoding="utf-8"?>
<beans xmlns="http://www.springframework.org/schema/beans"
       xmlns:xsi="http://www.w3.org/2001/XMLSchema-instance"
       xsi:schemaLocation="http://www.springframework.org/schema/beans
           http://www.springframework.org/schema/beans/spring-beans-3.2.xsd">


    <!-- 真正可以产生Connection的ConnectionFactor -->
    <bean id="connectionFactory" class="org.apache.activemq.ActiveMQConnectionFactory">
        <!-- ActiveMQ服务地址 -->
        <property name="brokerURL" value="${jms.url}"/>
        <property name="userName" value="${jms.name}"/>
        <property name="password" value="${jms.pass}"/>
    </bean>

    <!--发送队列-->
    <bean id="jsmReceiver" class="org.apache.activemq.command.ActiveMQQueue">
        <constructor-arg value="${jms.schedule.acceptTask}"/>
    </bean>

    <bean id="timeTakListenter" class="org.finace.schedule.listenter.TimeTakListenter"></bean>


    <!--发送恢复任务队列-->
    <bean id="jsmReceiverForRest" class="org.apache.activemq.command.ActiveMQQueue">
        <constructor-arg value="${sys.schedult.restTask}"/>
    </bean>

    <bean id="timeRestTaskListener" class="org.finace.schedule.listenter.TimeRestTaskListener"></bean>


    <bean class="org.finace.utils.jms.JmsContainer">
        <property name="connectionFactory" ref="connectionFactory"></property>
        <property name="listeners">
            <map>
                <entry key-ref="jsmReceiverForRest" value-ref="timeRestTaskListener"></entry>
                <entry key-ref="jsmReceiver" value-ref="timeTakListenter"></entry>
            </map>
        </property>
    </bean>
</beans>
