<?xml version="1.0" encoding="UTF-8"?>
<beans xmlns="http://www.springframework.org/schema/beans"
       xmlns:jpa="http://www.springframework.org/schema/data/jpa"
       xmlns:xsi="http://www.w3.org/2001/XMLSchema-instance" xmlns:tx="http://www.springframework.org/schema/tx"
       xsi:schemaLocation="http://www.springframework.org/schema/beans http://www.springframework.org/schema/beans/spring-beans.xsd
		 http://www.springframework.org/schema/data/jpa http://www.springframework.org/schema/data/jpa/spring-jpa-1.8.xsd
		http://www.springframework.org/schema/tx http://www.springframework.org/schema/tx/spring-tx.xsd
	 	http://www.springframework.org/schema/data/repository
         http://www.springframework.org/schema/data/repository/spring-repository-1.8.xsd">
    <!-- 读取配置文件 -->
    <bean id="dataProperties"
          class="org.finace.utils.prop.DataProperties">
        <property name="locations">
            <list>
                <value>classpath:${pro_env}/root.properties</value>
            </list>
        </property>
        <property name="fileEncoding" value="utf-8"></property>
    </bean>
    <!-- 配置数据库连接池 -->
    <bean id="dataSource" class="com.alibaba.druid.pool.DruidDataSource" init-method="init" destroy-method="close">
        <!-- 基本属性 url、user、password -->
        <property name="url" value="${jdbc.url}"/>
        <property name="username" value="${jdbc.user}"/>
        <property name="password" value="${jdbc.pass}"/>

        <!-- 配置初始化大小、最小、最大 -->
        <property name="initialSize" value="${jdbc.init.size}"/>
        <property name="minIdle" value="${jdbc.min.size}"/>
        <property name="maxActive" value="${jdbc.max.size}"/>

        <!-- 配置获取连接等待超时的时间 -->
        <property name="maxWait" value="${jdbc.wait.time}"/>

        <!-- 配置间隔多久才进行一次检测，检测需要关闭的空闲连接，单位是毫秒 -->
        <property name="timeBetweenEvictionRunsMillis" value="${jdbc.check.time}"/>

        <!-- 配置一个连接在池中最小生存的时间，单位是毫秒 -->
        <property name="minEvictableIdleTimeMillis" value="${jdbc.min.init.time}"/>

        <property name="validationQuery" value="SELECT 'x'"/>
        <property name="testWhileIdle" value="true"/>
        <property name="testOnBorrow" value="false"/>
        <property name="testOnReturn" value="false"/>

        <!-- 打开PSCache，并且指定每个连接上PSCache的大小 -->
        <property name="poolPreparedStatements" value="true"/>
        <property name="maxPoolPreparedStatementPerConnectionSize" value="20"/>

        <!-- 配置监控统计拦截的filters，去掉后监控界面sql无法统计 -->
        <property name="filters" value="stat"/>
    </bean>


    <!-- 配置 EntityManagerFactory -->
    <bean id="entityManagerFactory"
          class="org.springframework.orm.jpa.LocalContainerEntityManagerFactoryBean">
        <property name="dataSource" ref="dataSource">
        </property>
        <!-- 配置 JPA 提供商的适配器. 可以通过内部 bean 的方式来配置 -->
        <property name="jpaVendorAdapter">
            <bean class="org.springframework.orm.jpa.vendor.HibernateJpaVendorAdapter">
                <property name="generateDdl" value="false"/>
                <property name="database" value="MYSQL"/>
                <property name="databasePlatform" value="org.hibernate.dialect.MySQL5InnoDBDialect"/>
                <property name="showSql" value="true"/>
            </bean>
        </property>
        <!--    jpaDialect：用于指定一些高级特性，如事务管理，获取具有事务功能的连接对象等，
                目前Spring提供HibernateJpaDialect、OpenJpaDialect 、EclipseLinkJpaDialect -->
        <property name="jpaDialect">
            <bean class="org.springframework.orm.jpa.vendor.HibernateJpaDialect"/>
        </property>
        <!-- 配置实体类所在的包 -->
        <property name="packagesToScan" value="org.finace.utils.entity.user,org.finace.utils.entity.merchandise">
        </property>
        <!-- 配置 JPA 的基本属性. 例如 JPA 实现产品的属性 -->
        <property name="jpaProperties">
            <props>
                <!-- 配置数据库的方言 -->
                <prop key="hibernate.dialect">org.hibernate.dialect.MySQLDialect</prop>
                <!-- 控制台打印sql -->
                <prop key="hibernate.show_sql">true</prop>
                <!--格式化sql -->
                <prop key="hibernate.format_sql">true</prop>
                <!-- 在启动和停止时自动地创建，更新或删除数据库模式 -->
                <prop key="hibernate.hbm2ddl.auto">update</prop>
            </props>
        </property>
    </bean>

    <!-- 配置 JPA 使用的事务管理器 -->
    <bean id="transactionManager" class="org.springframework.orm.jpa.JpaTransactionManager">
        <property name="entityManagerFactory" ref="entityManagerFactory"/>
    </bean>
    <!-- 开启注解方式启动事务管理 -->
    <tx:annotation-driven transaction-manager="transactionManager"/>

    <!--配置springData -->
    <!--添加jpa的命名空间 -->
    <!--参数解释base-package: 扫描 Repository Bean 所在的 package entity-manager-factory-ref
        引用的实体类的对象 transaction-manager-ref所要引用的事务管理 repository-impl-postfix自定义实现的类的后缀，默认为Impl -->
    <jpa:repositories base-package="org.finace.user.repository,org.finace.user.util.task"
                      transaction-manager-ref="transactionManager"
                      entity-manager-factory-ref="entityManagerFactory">
    </jpa:repositories>


</beans>
