<?xml version="1.0" encoding="UTF-8"?>
<beans xmlns="http://www.springframework.org/schema/beans"
       xmlns:xsi="http://www.w3.org/2001/XMLSchema-instance"
       xsi:schemaLocation="http://www.springframework.org/schema/beans http://www.springframework.org/schema/beans/spring-beans.xsd">
<bean id="cacheTemplete" class="org.finace.utils.cache.CacheTemplete"></bean>
    <bean id="userUtils"  class="org.finace.utils.screct.UserUtils">
        <property name="cacheTemplete" ref="cacheTemplete"></property>
    </bean>
<bean id ="Lock" class="org.finace.utils.lock.Lock"> </bean>
</beans> 
