<?xml version="1.0" encoding="UTF-8"?>
<beans xmlns="http://www.springframework.org/schema/beans"
       xmlns:xsi="http://www.w3.org/2001/XMLSchema-instance"
       xsi:schemaLocation="http://www.springframework.org/schema/beans http://www.springframework.org/schema/beans/spring-beans-4.3.xsd">


    <!-- 读入配置属性文件 -->
    <bean class="org.nessary.project.utils.prop.DataProperties">
        <property name="location" value="classpath:root.properties"></property>
        <property name="fileEncoding" value="utf-8"></property>
    </bean>


    <import resource="app_dubbo_consumers.xml"/>

    <import resource="app_mvc.xml"/>

</beans>
