<?xml version="1.0" encoding="UTF-8"?>
<beans xmlns="http://www.springframework.org/schema/beans"
	xmlns:context="http://www.springframework.org/schema/context"
	xmlns:mvc="http://www.springframework.org/schema/mvc" xmlns:p="http://www.springframework.org/schema/p"
	xmlns:xsi="http://www.w3.org/2001/XMLSchema-instance" xmlns:tx="http://www.springframework.org/schema/tx"
	xmlns:jpa="http://www.springframework.org/schema/data/jpa"
	xsi:schemaLocation="http://www.springframework.org/schema/beans http://www.springframework.org/schema/beans/spring-beans-3.1.xsd
		http://www.springframework.org/schema/context http://www.springframework.org/schema/context/spring-context-3.1.xsd
		 http://www.springframework.org/schema/data/jpa  http://www.springframework.org/schema/data/jpa/spring-jpa-1.3.xsd
		http://www.springframework.org/schema/data/repository http://www.springframework.org/schema/data/repository/spring-repository-1.6.xsd 
		http://www.springframework.org/schema/tx http://www.springframework.org/schema/tx/spring-tx-3.1.xsd
		http://www.springframework.org/schema/mvc http://www.springframework.org/schema/mvc/spring-mvc-3.1.xsd">

	<!-- 加载数据库的配置文件 <context:property-placeholder location="classpath:jdb4.properties" 
		/> -->
	<!-- 读取配置文件 -->
	<bean id="propertyConfigurer"
		class="org.springframework.beans.factory.config.PropertyPlaceholderConfigurer">
		<property name="location">
			<value>classpath:jdb4.properties</value>
		</property>
		<!-- 加密 -->
		<property name="propertiesPersister">
			<bean class="com.xiaoluo.util.LoginName" />
		</property>

		<property name="ignoreResourceNotFound" value="true" />

		<property name="fileEncoding">
			<value>UTF-8</value>
		</property>
	</bean>


	<!-- 配置数据库连接池 -->
	<bean id="dataSource" class="com.mchange.v2.c3p0.ComboPooledDataSource"
		destroy-method="close">
		<property name="driverClass">
			<value>${driverClass}</value>
		</property>
		<property name="jdbcUrl">
			<value>${jdbcUrl}</value>
		</property>
		<property name="user">
			<value>${user}</value>
		</property>
		<property name="password">
			<value>${password}</value>
		</property>
		<property name="maxPoolSize">
			<value>${maxPoolSize}</value>
		</property>
		<property name="minPoolSize">
			<value>${minPoolSize}</value>
		</property>
		<!-- 指定连接数据库连接池的连接的最大空闲时间 -->
		<property name="maxIdleTime">
			<value>${maxIdleTime}</value>
		</property>
		<!-- 指定连接数据库连接池的初始化连接数 -->
		<property name="initialPoolSize">
			<value>${initialPoolSize}</value>
		</property>
	</bean>

	<!-- 基于注解 -->
	<!-- 配置 EntityManagerFactory -->
	<bean id="entityManagerFactory"
		class="org.springframework.orm.jpa.LocalContainerEntityManagerFactoryBean">
		<property name="dataSource" ref="dataSource"></property>
		<!-- 配置 JPA 提供商的适配器. 可以通过内部 bean 的方式来配置 -->
		<property name="jpaVendorAdapter">
			<bean class="org.springframework.orm.jpa.vendor.HibernateJpaVendorAdapter"></bean>
		</property>
		<!-- 配置实体类所在的包 -->
		<property name="packagesToScan" value="com.powermall.entity"></property>
		<!-- 配置 JPA 的基本属性. 例如 JPA 实现产品的属性 -->
		<property name="jpaProperties">
			<props>
				<prop key="hibernate.show_sql">true</prop>
				<prop key="hibernate.format_sql">true</prop>
				<prop key="hibernate.hbm2ddl.auto">update</prop>
			</props>
		</property>
	</bean>

	<!-- 配置 JPA 使用的事务管理器 -->
	<bean id="transactionManager" class="org.springframework.orm.jpa.JpaTransactionManager">
		<property name="entityManagerFactory" ref="entityManagerFactory"></property>
	</bean>


	<!-- 配置支持基于注解是事务配置 -->
	<tx:annotation-driven transaction-manager="transactionManager" />

	<!-- 添加SpringData -->
	<!--base-package是所需要扫描的包的路径，也就是repository所存在的路径 ,entity-manager-factory-ref是需要的entityManagerFactory-->
	<jpa:repositories base-package="com.powermall.repository"
		entity-manager-factory-ref="entityManagerFactory"></jpa:repositories> 


</beans> 
