<?xml version="1.0" encoding="utf-8"?>
<beans xmlns="http://www.springframework.org/schema/beans"
       xmlns:xsi="http://www.w3.org/2001/XMLSchema-instance"
       xsi:schemaLocation="http://www.springframework.org/schema/beans
        http://www.springframework.org/schema/beans/spring-beans.xsd">


    <!-- 真正可以产生Connection的ConnectionFactor -->
    <bean id="connectionFactory" class="org.apache.activemq.ActiveMQConnectionFactory">
        <!-- ActiveMQ服务地址 -->
        <property name="brokerURL" value="${jms.url}"/>
        <property name="userName" value="${jms.name}"/>
        <property name="password" value="${jms.pass}"/>
    </bean>

    <!--发送队列-->
    <bean id="jmsSenderForNotify" class="org.finace.utils.jms.JmsSender">
        <property name="jmsTemplate" ref="jmsTemplate"></property>
        <property name="destination">
            <!--一对一的队列-->
            <bean class="org.apache.activemq.command.ActiveMQQueue">
                <!--  <property name="physicalName" value="schedule.acceptTask"></property>-->
                <property name="physicalName" value="${sys.notify.send}"></property>
            </bean>
            <!--一对多的主题-->
            <!--    <bean class="org.apache.activemq.command.ActiveMQTopic">
                    <property name="physicalName" value="dd"></property>
                </bean>-->
        </property>
    </bean>


    <!--发送清理认证消息-->
    <bean id="jmsSenderForAuth" class="org.finace.utils.jms.JmsSender">
        <property name="jmsTemplate" ref="jmsTemplate"></property>
        <property name="destination">
            <!--一对一的队列-->
            <bean class="org.apache.activemq.command.ActiveMQQueue">
                <property name="physicalName" value="${jms.schedule.acceptTask}"></property>
            </bean>
        </property>
    </bean>

    <!-- spring jmsTemplete-->
    <bean id="jmsTemplate" class="org.springframework.jms.core.JmsTemplate">
        <property name="connectionFactory" ref="connectionFactory"/>
    </bean>

</beans>
