<?xml version="1.0" encoding="utf-8"?>
<beans xmlns="http://www.springframework.org/schema/beans"
       xmlns:xsi="http://www.w3.org/2001/XMLSchema-instance"
       xmlns:context="http://www.springframework.org/schema/context"
       xmlns:mvc="http://www.springframework.org/schema/mvc"
       xsi:schemaLocation="http://www.springframework.org/schema/beans
        http://www.springframework.org/schema/beans/spring-beans.xsd http://www.springframework.org/schema/context http://www.springframework.org/schema/context/spring-context.xsd http://www.springframework.org/schema/mvc http://www.springframework.org/schema/mvc/spring-mvc.xsd">
    <!--加载配置-->
    <bean id="dataProperties" class="org.finace.utils.prop.DataProperties">
        <property name="location" value="classpath:${pro_env}/root.properties"></property>
        <property name="fileEncoding" value="utf-8"></property>
    </bean>
    <!-- 启动扫描所有的controller -->
    <context:component-scan base-package="org.finace"/>
    <!-- 开启注解 -->
    <mvc:annotation-driven/>
    <bean class="org.finace.utils.cache.CacheTemplete" id="cacheTemplete"></bean>


    <bean class="org.finace.utils.screct.UserUtils">
        <property name="cacheTemplete" ref="cacheTemplete"></property>
    </bean>

</beans>
