<?xml version="1.0" encoding="utf-8"?>
<beans xmlns="http://www.springframework.org/schema/beans"
       xmlns:xsi="http://www.w3.org/2001/XMLSchema-instance"
       xsi:schemaLocation="http://www.springframework.org/schema/beans
        http://www.springframework.org/schema/beans/spring-beans.xsd">


    <!-- 真正可以产生Connection的ConnectionFactor -->
    <bean id="connectionFactory" class="org.apache.activemq.ActiveMQConnectionFactory">
        <!-- ActiveMQ服务地址 -->
        <property name="brokerURL" value="${jms.url}"/>
        <property name="userName" value="${jms.name}"/>
        <property name="password" value="${jms.pass}"/>
    </bean>
    <bean id="jmsReceiverForNotify" class="org.apache.activemq.command.ActiveMQQueue">
        <property name="physicalName" value="${sys.notify.accept}"></property>
    </bean>
    <bean id="notifyListenter" class="org.finace.notify.listenter.NotifyListenter"></bean>

    <bean id="jmsReceiverForClearAuth" class="org.apache.activemq.command.ActiveMQTopic">
        <property name="physicalName" value="${jms.schedule.sendTask}"></property>
    </bean>

    <bean id="cLearCacheListenter" class="org.finace.notify.listenter.CLearCacheListenter"></bean>

    <!-- spring jmsTemplete-->
    <bean id="jmsContainer"
          class="org.finace.utils.jms.JmsContainer">
        <property name="connectionFactory" ref="connectionFactory"/>
        <property name="listeners">
            <map>
                <entry key-ref="jmsReceiverForNotify" value-ref="notifyListenter"/>
                <entry key-ref="jmsReceiverForClearAuth" value-ref="cLearCacheListenter"/>
            </map>
        </property>
    </bean>


</beans>
