<?xml version="1.0" encoding="UTF-8"?>
<configuration debug="true">
    <!-- 应用名称 -->
    <property name="APP_NAME" value="notify"/>
    <property name="LOG_PATH" value="${log_loaction}"/>
    <!--日志文件的保存路径,首先查找系统属性-Dlog.dir,如果存在就使用其；否则，在当前目录下创建名为logs目录做日志存放的目录 -->
    <property name="LOG_HOME" value="${LOG_PATH}/logs/${APP_NAME}/${APP_NAME}"/>
    <!-- 日志输出格式 -->
    <property name="ENCODER_PATTERN"
              value="%d{yyyy-MM-dd  HH:mm:ss.SSS} [%thread] %-5level %logger{80} - %msg%n"/>
    <contextName>${APP_NAME}</contextName>
    s
    <!-- 控制台日志：输出全部日志到控制台 -->
    <appender name="STDOUT" class="ch.qos.logback.core.ConsoleAppender">
        <encoder class="ch.qos.logback.classic.encoder.PatternLayoutEncoder">
            <Pattern>${ENCODER_PATTERN}</Pattern>
        </encoder>
    </appender>

    <appender name="FILE"
              class="ch.qos.logback.core.rolling.RollingFileAppender">
        <File>${LOG_HOME}.log</File>
        <encoder>
            <pattern>${ENCODER_PATTERN}</pattern>
        </encoder>
        <rollingPolicy class="ch.qos.logback.core.rolling.TimeBasedRollingPolicy">
            <timeBasedFileNamingAndTriggeringPolicy
                    class="ch.qos.logback.core.rolling.SizeAndTimeBasedFNATP">
                <maxFileSize>20Mb</maxFileSize>
            </timeBasedFileNamingAndTriggeringPolicy>
            <FileNamePattern>${LOG_HOME}-%d{yyyy-MM-dd}-%i.log.gz
            </FileNamePattern>
            <MaxHistory>30</MaxHistory>
        </rollingPolicy>
    </appender>

    <logger name="org.finace" level="DEBUG">
        <appender-ref ref="FILE"/>
        <appender-ref ref="STDOUT"/>
    </logger>

    <!-- <root>
         <level value="DEBUG"/>
         <appender-ref ref="STDOUT"/>
         <appender-ref ref="FILE"/>
     </root>-->
</configuration>