<?xml version="1.0" encoding="UTF-8" ?>
<!DOCTYPE mapper PUBLIC "-//mybatis.org//DTD Mapper 3.0//EN" "http://mybatis.org/dtd/mybatis-3-mapper.dtd">
<mapper namespace="com.jeeplus.modules.business.dao.clientnews.ClientNewsDao">

    <sql id="clientNewsColumns">
		a.id AS "id",
		a.news_title AS "newsTitle",
		a.content AS "content",
		a.summary AS "summary",
		a.news_type AS "newsType",
		a.click_count AS "clickCount",
		a.important AS "important",
		a.delivery_time AS "deliveryTime",
		a.news_url AS "newsUrl",
		a.news_from AS "newsFrom",
		a.from_logo AS "fromLogo",
		a.from_url AS "fromUrl",
		a.thumbnail AS "thumbnail",
		a.is_enable AS "isEnable",
		a.is_hot AS "isHot",
		a.is_nominate AS "isNominate",
		a.create_by AS "createBy.id",
		a.create_date AS "createDate",
		a.update_by AS "updateBy.id",
		a.update_date AS "updateDate",
		a.remarks AS "remarks",
        a.resource_id AS "resourceId",
		a.del_flag AS "delFlag"
	</sql>

    <sql id="clientNewsJoins">
    </sql>

    <select id="get" resultType="ClientNews">
        SELECT
        <include refid="clientNewsColumns"/>
        FROM client_news a
        <include refid="clientNewsJoins"/>
        WHERE a.id = #{id}
    </select>


    <select id="getCount" resultType="Integer">
        SELECT count(1)
        FROM client_news a
        <where>
            <if test="delFlag != null and delFlag != ''">
                AND a.del_flag = #{delFlag}
            </if>
            <if test="isEnable != null and isEnable != ''">
                AND a.is_enable = #{isEnable}
            </if>
            <if test="newsType != null and newsType != ''">
                AND a.news_type = #{newsType}
            </if>
            <if test="fromLogo != null and fromLogo != ''">
                AND a.from_logo LIKE concat('%',#{fromLogo},'%')
            </if>
        </where>
    </select>

    <select id="getMaxiId" resultType="Integer">
        SELECT max(a.resource_id)
        FROM client_news a
    </select>


    <select id="findList" resultType="ClientNews">
        SELECT
        <include refid="clientNewsColumns"/>
        FROM client_news a
        <include refid="clientNewsJoins"/>
        <where>
            a.del_flag = #{DEL_FLAG_NORMAL}
            <if test="newsTitle != null and newsTitle != ''">
                AND a.news_title LIKE
                <if test="dbName == 'mysql'">concat('%',#{newsTitle},'%')</if>
            </if>
            <if test="newsType != null and newsType != ''">
                AND a.news_type = #{newsType}
            </if>
            <if test="beginDeliveryTime != null and endDeliveryTime != null and beginDeliveryTime != '' and endDeliveryTime != ''">
                AND a.delivery_time BETWEEN #{beginDeliveryTime} AND #{endDeliveryTime}
            </if>
            <if test="isEnable != null and isEnable != ''">
                AND a.is_enable = #{isEnable}
            </if>
            <if test="fromLogo != null and fromLogo != ''">
                AND a.from_logo LIKE concat('%',#{fromLogo},'%')
            </if>
        </where>
        <choose>
            <when test="page !=null and page.orderBy != null and page.orderBy != ''">
                ORDER BY ${page.orderBy}
            </when>
            <otherwise>
                ORDER BY a.create_date DESC
            </otherwise>
        </choose>
    </select>

    <select id="findAllList" resultType="ClientNews">
        SELECT
        <include refid="clientNewsColumns"/>
        FROM client_news a
        <include refid="clientNewsJoins"/>
        <where>
            a.del_flag = #{DEL_FLAG_NORMAL}
        </where>
        <choose>
            <when test="page !=null and page.orderBy != null and page.orderBy != ''">
                ORDER BY ${page.orderBy}
            </when>
            <otherwise>
                ORDER BY a.create_date DESC
            </otherwise>
        </choose>
    </select>

    <insert id="insert">
		INSERT INTO client_news(
			id,
			news_title,
			content,
			summary,
			news_type,
			click_count,
			important,
			delivery_time,
			news_url,
			news_from,
			from_logo,
			from_url,
			thumbnail,
			is_enable,
			is_hot,
			is_nominate,
			create_by,
			create_date,
			update_by,
			update_date,
			remarks,
            resource_id,
			del_flag
		) VALUES (
			#{id},
			#{newsTitle},
			#{content},
			#{summary},
			#{newsType},
			#{clickCount},
			#{important},
			#{deliveryTime},
			#{newsUrl},
			#{newsFrom},
			#{fromLogo},
			#{fromUrl},
			#{thumbnail},
			#{isEnable},
			#{isHot},
			#{isNominate},
			#{createBy.id},
			#{createDate},
			#{updateBy.id},
			#{updateDate},
			#{remarks},
            #{resourceId},
			#{delFlag}
		)
	</insert>

    <update id="update">
        UPDATE client_news SET
        news_title = #{newsTitle},
        content = #{content},
        summary = #{summary},
        news_type = #{newsType},
        click_count = #{clickCount},
        important = #{important},
        delivery_time = #{deliveryTime},
        news_url = #{newsUrl},
        news_from = #{newsFrom},
        from_logo = #{fromLogo},
        from_url = #{fromUrl},
        thumbnail = #{thumbnail},
        is_enable = #{isEnable},
        is_hot = #{isHot},
        is_nominate = #{isNominate},
        update_by = #{updateBy.id},
        update_date = #{updateDate},
        <if test="resourceId != null">
            resource_id = #{resourceId},
        </if>
        remarks = #{remarks}
        WHERE id = #{id}
    </update>


    <!--物理删除-->
    <update id="delete">
		DELETE FROM client_news
		WHERE id = #{id}
	</update>

    <!--逻辑删除-->
    <update id="deleteByLogic">
		UPDATE client_news SET 
			del_flag = #{DEL_FLAG_DELETE}
		WHERE id = #{id}
	</update>


    <!-- 根据实体名称和字段名称和字段值获取唯一记录 -->
    <select id="findUniqueByProperty" resultType="ClientNews" statementType="STATEMENT">
        select
        <include refid="clientNewsColumns"/>
        FROM client_news where ${propertyName} = '${value}'
    </select>
</mapper>