<?xml version="1.0" encoding="UTF-8" ?>
<!DOCTYPE mapper PUBLIC "-//mybatis.org//DTD Mapper 3.0//EN" "http://mybatis.org/dtd/mybatis-3-mapper.dtd" >
<mapper namespace="org.nessary.project.service.user.mapper.UserMapper">
    <resultMap id="resultUserMap" type="org.nessary.project.facade.user.entity.User">
        <id column="id" property="id" jdbcType="INTEGER"/>
        <result column="uuid" property="uuid" jdbcType="VARCHAR"/>
        <result column="deleted" property="age" jdbcType="BIT"/>
    </resultMap>

    <!-- 自己程序 -->
    <select id="findUserAllByDeleted" resultMap="resultUserMap">
	    select id, uuid  from user WHERE  deleted=FALSE
	  </select>

    <insert id="saveUser" parameterType="user" useGeneratedKeys="true" keyProperty="id" >
	  insert into user 
	  (uuid,deleted ) values ( #{uuid},FALSE )
	  </insert>


    <!--

        <delete id="deleteUserById" parameterType="int">

           delete from user where id = #{id}
      </delete>


        <update id="updateUser" parameterType="com.xiaoluo.spring_struts2.User">
      update user set name =#{name} ,age=#{age} where id =#{id}
      </update>
    -->


</mapper>