<?xml version="1.0" encoding="UTF-8" ?>
<!DOCTYPE mapper PUBLIC "-//mybatis.org//DTD Mapper 3.0//EN" "http://mybatis.org/dtd/mybatis-3-mapper.dtd" >
<mapper namespace="org.nessary.project.service.user.mapper.UsersMapper">
    <resultMap id="resultUserMap" type="users">
        <id column="id" property="id" jdbcType="INTEGER"/>
        <result column="uuid" property="uuid" jdbcType="VARCHAR"/>
        <result column="userName" property="userName" jdbcType="VARCHAR"/>
        <result column="urlPathPermis" property="urlPathPermis" jdbcType="VARCHAR"/>
        <result column="rolesPermis" property="rolesPermis" jdbcType="VARCHAR"/>
        <result column="createTime" property="createTime" jdbcType="DATE"/>
        <result column="deleted" property="age" jdbcType="BIT"/>
    </resultMap>

    <select id="findUsersByUserName" parameterType="string" resultType="users">
	    select userName, userPassword,urlPathPermis,rolesPermis  from t_users WHERE userName=#{_paramter}  AND deleted=FALSE limit 1
	  </select>

    <select id="checkUsersExistByUsersName" parameterType="string" resultType="int">
        select COUNT (id)   from t_users WHERE userName=#{_paramter}  AND deleted=FALSE
    </select>

    <insert id="saveUsers" parameterType="users" useGeneratedKeys="true" keyProperty="id">
	  insert into t_users
	  (uuid,userName,userPassword,urlPathPermis,rolesPermis,createTime,deleted ) values ( #{uuid},#{userName},#{userPassword},#{urlPathPermis},#{rolesPermis},now(),FALSE )
	  </insert>

</mapper>