<?xml version="1.0" encoding="UTF-8" ?>
<!DOCTYPE mapper PUBLIC "-//mybatis.org//DTD Mapper 3.0//EN" "http://mybatis.org/dtd/mybatis-3-mapper.dtd" >
<mapper namespace="org.nessary.project.service.merchandiseModify.mapper.MerchandiseMapper">
<!--     <resultMap id="resultUserMap" type="org.nessary.project.facade.user.entity.Merchandise"> -->
<!--         <id column="id" property="id" jdbcType="INTEGER"/> -->
<!--         <result column="headPics" property="headPics" /> -->
<!--     </resultMap> -->




	<!-- 查询订单状态  -->
	<select id="loadSingleOrderStatus" parameterType="String" resultType="int">
	select status from orderTest where orderNo=#{orderNo}
	
	</select>

	<!-- 改变订单状态 -->
	<update id="changeOrderStatusByMerchandiser" parameterType="map">
	update orderTest set status = #{status} where orderNo = #{orderNo} and merchandiserUuid = #{merchandiserUuid}
	</update>



	<!-- 商家更改订单留言 -->
	<update id="updateOrderInfo_message" parameterType="map">
	
	update orderTest set orderMessage = #{orderMessage} where orderNo = #{orderNo}
	
	</update>
	
	<!-- 查询单个订单详情 -->
	<select id="loadSingleOrderDetail" resultType="orders" parameterType="String">
    select createTime,merchName,merchPic,merchPrice,merchQuantity,merchSpec,merchStandardIndex,merchUuid,totalPrice,userUuid,status from orderTest
    where orderNo = #{orderNo}
	</select>
	<!-- 根据状态和商家id查询某个商家的订单 -->
	<select id="loadOrdersByStatusAndMerchandiseUuid" resultType="orders" parameterType="map">
	select createTime,merchName,merchPic,merchPrice,merchQuantity,merchSpec,merchStandardIndex,merchUuid,totalPrice,userUuid,orderNo,status from orderTest
	where merchandiserUuid = #{merchandiserUuid} and deleted = 0
	<if test="status!=null"> and status = #{status}</if>
	order by createTime desc limit ${begin},${size}
	
	</select>
	<!-- 查询不同状态订单数目 -->
	<select id="loadOrderStatusCount" resultType="orderStatusCounts" parameterType="map">
	select count(1) as count ,status from orderTest where merchandiserUuid = #{merchandiserUuid} and deleted = 0 group by status
	</select>


    <!-- 更改订单中 商品坐标数组数据 -->
    <update id="updateOrderInfo_merchIndexArr" parameterType="orders">
    update orderTest set merchStandardIndex = #{merchStandardIndex} where orderNo = #{orderNo}
    </update>
	<!-- 根据商品uuid和坐标 查询 价格进行对比 看是否可以更改规格 -->
	<select id="loadMerchPriceByUuidAndIndex" parameterType="map" resultType="double">
	select price from merchStockAndPrice where merchStandardIndex = #{merchStandardIndex} and merchUuid = #{merchUuid}
	
	</select>

    <!-- 根据订单号查询 该订单关联的商品uuid数组，商品坐标数组 -->
    <select id="loadOrderInfo_merchUuidArr" parameterType="String" resultType="orders">
    select status,merchUuid,merchStandardIndex from orderTest where orderNo = #{orderNo}
    </select>


	<!--  修改订单地址 只有在订单状态为已付款的时候才可以 -->
	<update id="editOrderInfo_address" parameterType="orders">
	update orderTest set
	receiveAddressDetail = #{receiveAddressDetail},
	updatePersonUuid = #{updatePersonUuid},
	updateTime = #{updateTime} 
	where orderNo = #{orderNo} and status = 2
	</update>


    <!-- 商家所有商品列表，初期只需几个数据，后期可能会根据条件查询 -->
	<select id="findAllMyMerchandise" resultType="merchandise" parameterType="map">
	select merchName,merchPrice,merchLog from merchandise_copy where merchBelongToUuid=#{merchBelongToUuid} and deleted=0
	order by merchName desc limit ${begin},${size}
	
	</select>
	
	<update id="fullfilAllMerchStock" parameterType="map">
	update merchStockAndPrice set stock = #{stock} where merchUuid = #{merchUuid}
	</update>
	
	<update id="offShelvedMerchList" parameterType="String">
	update merchandise_copy set offShelved=1 where uuid = #{uuid}
	</update>
	
<!-- 查询merchandiseStandard表里面有没有merchUuid对应的数据，有的话会接下来的处理里面修改，没有的话再插入 -->

	<select id="countMerchandiseStandardByMerchUuid" parameterType="String" resultType="int">
	select count(1) from merchandiseStandard where merchUuid = #{merchUuid}
	</select>
	
	
<!-- 更改MerchandiseStandard 的三个byte数组blob	 -->

	<update id="updateMerchandiseStandardByteArr" parameterType="merchandiseStandard">
	update merchandiseStandard set 
	topCategoryNameByteArr = #{topCategoryNameByteArr},
	secondCateGoryNameByteArr = #{secondCateGoryNameByteArr},
	secondCateGoryNameByteArr_2 = #{secondCateGoryNameByteArr_2}
	where merchUuid = #{merchUuid}
	</update>
	
	<!-- 添加MerchandiseStandard 表中的新数据 -->
	
	<insert id="addMerchandiseStandardByteArr" parameterType="merchandiseStandard">
	insert into merchandiseStandard
	(topCategoryNameByteArr,secondCateGoryNameByteArr,secondCateGoryNameByteArr_2)
	values
	(#{topCategoryNameByteArr},#{secondCateGoryNameByteArr},#{secondCateGoryNameByteArr_2})
	</insert>
	
<!-- 更改 merchStockAndPrice 表单个规格价格和库存，更改，而不是删除之后再插入-->

<!-- 删除某merchUuid下的商品规格库存和价格，重新添加 -->
	
	<delete id="deleteMerchStockAndPriceByMerchUuid">
	delete from merchStockAndPrice where merchUuid = #{merchUuid}
	</delete>
	
	<!-- 查询merchStockAndPrice库中有没有merchUuid对应的数据 -->
	<select id="countMerchStockAndPriceCount" parameterType="map" resultType="int">
	select count(1) from merchStockAndPrice where merchUuid = #{merchUuid} 
	and merchStandardIndex = #{merchStandardIndex}
	</select>
	<!-- 添加到 merchStockAndPrice中-->
	<insert id="addMerchStockAndPriceByMerchUuid" parameterType="merchStockAndPrice">
	insert into merchStockAndPrice 
	(createTime,merchStandardIndex,merchUuid,price,stock)
	values
	(#{createTime},#{merchStandardIndex},#{merchUuid},#{price},#{stock})
	
	
	</insert>
	

<!-- 	更改商品规格的库存和价格 -->
	<update id="updateTotalMerchStockAndPrice" parameterType = "merchStockAndPrice">
	update merchStockAndPrice set 
	price = #{price},
	stock = #{stock}
	where merchUuid = #{merchUuid} and merchStandardIndex = #{merchStandardIndex}
	</update>
	
	
	<select id="loadMerchandiseDetail" parameterType="String" resultType="merchandise">
	select merchName,merchLog,headPics,merchArea,merchAreaProvinceId,merchAreaCityId,merchDetailDescriptions,merchantDetails from merchandise_copy where uuid = #{uuid}
	
	</select>
	
	<!-- 新增商品 -->
	<insert id="addNewMerchandise" parameterType="merchandise">
	
	insert into merchandise_copy 
	(merchName,merchLog,headPics,merchArea,merchAreaProvinceId,merchAreaCityId,merchDetailDescriptions,merchantDetails)
	values
	(#{merchName},#{merchLog},#{headPics},#{merchArea},#{merchAreaProvinceId},#{merchAreaCityId},#{merchDetailDescriptions},#{merchantDetails})
	
	</insert>
	
	
	<!-- 编辑商品 -->
	<update id="updateMerchandiseDetail" parameterType="merchandise">
	update merchandise_copy set
	<if test="merchName!=null">merchName = #{merchName},</if>
	<if test="merchLog!=null">merchLog = #{merchLog},</if>
	<if test="headPics!=null">headPics = #{headPics},</if>
	<if test="merchArea!=null">merchArea = #{merchArea},</if>
	<if test="merchAreaProvinceId!=null">merchAreaProvinceId = #{merchAreaProvinceId},</if>
	<if test="merchAreaCityId!=null">merchAreaCityId = #{merchAreaCityId},</if>
	<if test="merchDetailDescriptions!=null">merchDetailDescriptions = #{merchDetailDescriptions},</if>
	<if test="merchantDetails!=null">merchantDetails = #{merchantDetails},</if>
	uuid = #{uuid}
	where uuid = #{uuid}
	
	</update>
	
    <!-- 自己程序 -->
<!--     <select id="findUserAllByDeleted"  resultMap="resultUserMap"> -->
<!-- 	    select id, uuid  from user WHERE  deleted=FALSE -->
<!-- 	  </select> -->

<!--     <insert id="saveUser" parameterType="user" keyProperty="id" useGeneratedKeys="true"> -->
<!-- 	  insert into user  -->
<!-- 	  (uuid) values ( #{uuid},FALSE ) -->
<!-- 	  </insert> -->


    <!--

        <delete id="deleteUserById" parameterType="int">

           delete from user where id = #{id}
      </delete>


        <update id="updateUser" parameterType="com.xiaoluo.spring_struts2.User">
      update user set name =#{name} ,age=#{age} where id =#{id}
      </update>
    -->


</mapper>