<?xml version="1.0" encoding="UTF-8" ?>
<!DOCTYPE mapper PUBLIC "-//mybatis.org//DTD Mapper 3.0//EN" "http://mybatis.org/dtd/mybatis-3-mapper.dtd" >
<mapper namespace="com.xiaoluo.spring_struts2.mapper.CustomerOrderMapper">
	<resultMap id="BaseResultMap" type="CustomerOrder">
		<id column="customerOrderId" property="customerOrderId" jdbcType="INTEGER" />
		<result column="orderCusAddress" property="orderCusAddress"
			jdbcType="VARCHAR" />
		<result column="orderCusName" property="orderCusName" jdbcType="VARCHAR" />
		<result column="orderCusPhone" property="orderCusPhone"
			jdbcType="VARCHAR" />
		<result column="orderDatemine" property="orderDatemine"
			jdbcType="VARCHAR" />
		<result column="orderEms" property="orderEms" jdbcType="VARCHAR" />
		<result column="orderMeCount" property="orderMeCount" jdbcType="INTEGER" />
		<result column="orderMeDisPic" property="orderMeDisPic"
			jdbcType="DOUBLE" />
		<result column="orderMeName" property="orderMeName" jdbcType="VARCHAR" />
		<result column="orderMePayTra" property="orderMePayTra"
			jdbcType="VARCHAR" />
		<result column="orderMePrice" property="orderMePrice" jdbcType="DOUBLE" />
		<result column="orderNumber" property="orderNumber" jdbcType="VARCHAR" />
		<result column="orderPhone" property="orderPhone" jdbcType="VARCHAR" />
		<result column="orderStatus" property="orderStatus" jdbcType="VARCHAR" />
		<result column="orderStream" property="orderStream" jdbcType="VARCHAR" />
		<result column="orderTime" property="orderTime" jdbcType="VARCHAR" />
		<result column="creatTime" property="creatTime" jdbcType="TIMESTAMP" />
		<result column="isDeleted" property="isDeleted" jdbcType="VARCHAR" />
		<result column="merchandiseId" property="merchandiseId"
			jdbcType="INTEGER" />
		<result column="operateTime" property="operateTime" jdbcType="TIMESTAMP" />
	</resultMap>
	<resultMap id="ResultMapWithBLOBs" type="CustomerOrder"
		extends="BaseResultMap">
		<result column="orderMePayMed" property="orderMePayMed"
			jdbcType="LONGVARCHAR" />
	</resultMap>

	<insert id="createCustomerOrder" parameterType="CustomerOrder">
		insert into customerorder
		<trim prefix="(" suffix=")" suffixOverrides=",">
			<if test="orderCusAddress != null">
				orderCusAddress,
			</if>
			<if test="orderCusName != null">
				orderCusName,
			</if>
			<if test="orderCusPhone != null">
				orderCusPhone,
			</if>
			<if test="orderDatemine != null">
				orderDatemine,
			</if>
			<if test="orderEms != null">
				orderEms,
			</if>
			<if test="orderMeCount != null">
				orderMeCount,
			</if>
			<if test="orderMeDisPic != null">
				orderMeDisPic,
			</if>
			<if test="orderMeName != null">
				orderMeName,
			</if>
			<if test="orderMePayTra != null">
				orderMePayTra,
			</if>
			<if test="orderMePrice != null">
				orderMePrice,
			</if>
			<if test="orderNumber != null">
				orderNumber,
			</if>
			<if test="orderPhone != null">
				orderPhone,
			</if>
			<if test="orderStatus != null">
				orderStatus,
			</if>
			<if test="orderStream != null">
				orderStream,
			</if>
			<if test="orderTime != null">
				orderTime,
			</if>
			<if test="creatTime != null">
				creatTime,
			</if>
			<if test="isDeleted != null">
				isDeleted,
			</if>
			<if test="merchandiseId != null">
				merchandiseId,
			</if>
			<if test="operateTime != null">
				operateTime,
			</if>
			<if test="orderMePayMed != null">
				orderMePayMed,
			</if>
		</trim>
		<trim prefix="values (" suffix=")" suffixOverrides=",">
			<if test="customerOrderId != null">
				#{customerOrderId,jdbcType=INTEGER},
			</if>
			<if test="orderCusAddress != null">
				#{orderCusAddress,jdbcType=VARCHAR},
			</if>
			<if test="orderCusName != null">
				#{orderCusName,jdbcType=VARCHAR},
			</if>
			<if test="orderCusPhone != null">
				#{orderCusPhone,jdbcType=VARCHAR},
			</if>
			<if test="orderDatemine != null">
				#{orderDatemine,jdbcType=VARCHAR},
			</if>
			<if test="orderEms != null">
				#{orderEms,jdbcType=VARCHAR},
			</if>
			<if test="orderMeCount != null">
				#{orderMeCount,jdbcType=INTEGER},
			</if>
			<if test="orderMeDisPic != null">
				#{orderMeDisPic,jdbcType=DOUBLE},
			</if>
			<if test="orderMeName != null">
				#{orderMeName,jdbcType=VARCHAR},
			</if>
			<if test="orderMePayTra != null">
				#{orderMePayTra,jdbcType=VARCHAR},
			</if>
			<if test="orderMePrice != null">
				#{orderMePrice,jdbcType=DOUBLE},
			</if>
			<if test="orderNumber != null">
				#{orderNumber,jdbcType=VARCHAR},
			</if>
			<if test="orderPhone != null">
				#{orderPhone,jdbcType=VARCHAR},
			</if>
			<if test="orderStatus != null">
				#{orderStatus,jdbcType=VARCHAR},
			</if>
			<if test="orderStream != null">
				#{orderStream,jdbcType=VARCHAR},
			</if>
			<if test="orderTime != null">
				#{orderTime,jdbcType=VARCHAR},
			</if>
			<if test="creatTime != null">
				#{creatTime,jdbcType=TIMESTAMP},
			</if>
			<if test="isDeleted != null">
				#{isDeleted,jdbcType=VARCHAR},
			</if>
			<if test="merchandiseId != null">
				#{merchandiseId,jdbcType=INTEGER},
			</if>
			<if test="operateTime != null">
				#{operateTime,jdbcType=TIMESTAMP},
			</if>
			<if test="orderMePayMed != null">
				#{orderMePayMed,jdbcType=LONGVARCHAR},
			</if>
		</trim>
	</insert>


	<select id="findOrderById" parameterType="CustomerOrder"
		resultType="CustomerOrder">
		select
		customerOrderId,orderCusAddress,
		orderCusName,
		orderCusPhone,
		orderDatemine,
		orderEms, orderMeCount,
		orderMeDisPic,
		orderMeName,
		orderMePayTra, orderMePrice,
		orderNumber,
		orderPhone,
		orderStatus,
		orderStream, orderTime, creatTime,
		isDeleted,
		merchandiseId,
		operateTime,
		orderMePayMed from customerorder
		<trim prefix="where">
			<if test="isDeleted==null or isDeleted==''">
				isDeleted='0'and
			</if>
			orderPhone=#{orderPhone} and orderNumber =#{orderNumber}
			and
			merchandiseId = #{merchandiseId}
		</trim>

	</select>


	<update id="updateCustomerOrderById" parameterType="CustomerOrder">
		update customerorder
		<set>
			<if test="orderCusAddress != null">
				orderCusAddress = #{orderCusAddress,jdbcType=VARCHAR},
			</if>
			<if test="orderCusName != null">
				orderCusName = #{orderCusName,jdbcType=VARCHAR},
			</if>
			<if test="orderCusPhone != null">
				orderCusPhone = #{orderCusPhone,jdbcType=VARCHAR},
			</if>
			<if test="orderDatemine != null">
				orderDatemine = #{orderDatemine,jdbcType=VARCHAR},
			</if>
			<if test="orderEms != null">
				orderEms = #{orderEms,jdbcType=VARCHAR},
			</if>
			<if test="orderMeCount != null">
				orderMeCount = #{orderMeCount,jdbcType=INTEGER},
			</if>
			<if test="orderMeDisPic != null">
				orderMeDisPic = #{orderMeDisPic,jdbcType=DOUBLE},
			</if>
			<if test="orderMeName != null">
				orderMeName = #{orderMeName,jdbcType=VARCHAR},
			</if>
			<if test="orderMePayTra != null">
				orderMePayTra = #{orderMePayTra,jdbcType=VARCHAR},
			</if>
			<if test="orderMePrice != null">
				orderMePrice = #{orderMePrice,jdbcType=DOUBLE},
			</if>
			<if test="orderNumber != null">
				orderNumber = #{orderNumber,jdbcType=VARCHAR},
			</if>
			<if test="orderPhone != null">
				orderPhone = #{orderPhone,jdbcType=VARCHAR},
			</if>
			<if test="orderStatus != null">
				orderStatus = #{orderStatus,jdbcType=VARCHAR},
			</if>
			<if test="orderStream != null">
				orderStream = #{orderStream,jdbcType=VARCHAR},
			</if>
			<if test="orderTime != null">
				orderTime = #{orderTime,jdbcType=VARCHAR},
			</if>
			<if test="creatTime != null">
				creatTime = #{creatTime,jdbcType=TIMESTAMP},
			</if>
			<if test="isDeleted != null">
				isDeleted = #{isDeleted,jdbcType=VARCHAR},
			</if>
			<if test="merchandiseId != null">
				merchandiseId = #{merchandiseId,jdbcType=INTEGER},
			</if>
			<if test="operateTime != null">
				operateTime = #{operateTime,jdbcType=TIMESTAMP},
			</if>
			<if test="orderMePayMed != null">
				orderMePayMed = #{orderMePayMed,jdbcType=LONGVARCHAR},
			</if>
		</set>
		where customerOrderId = #{customerOrderId,jdbcType=INTEGER}
	</update>



	<select id="queryAllByPhone" parameterType="CustomerOrder"
		resultMap="ResultMapWithBLOBs">
		select
		customerOrderId,orderCusAddress,
		orderCusName,
		orderCusPhone,
		orderDatemine,
		orderEms, orderMeCount,
		orderMeDisPic,
		orderMeName,
		orderMePayTra, orderMePrice,
		orderNumber,
		orderPhone,
		orderStatus,
		orderStream, orderTime, creatTime,
		isDeleted,
		merchandiseId,
		operateTime,
		orderMePayMed from customerorder
		where
		isDeleted='0'and
		orderPhone=#{orderPhone}
		order by creatTime asc
        limit #{starCount},#{count} 
	</select>


 <select id="querySatatusCountAllByPhone" parameterType="CustomerOrder"
		resultMap="ResultMapWithBLOBs">
	select
		customerOrderId,orderCusAddress,
		orderCusName,
		orderCusPhone,
		orderDatemine,
		orderEms, orderMeCount,
		orderMeDisPic,
		orderMeName,
		orderMePayTra, orderMePrice,
		orderNumber,
		orderPhone,
		orderStatus,
		orderStream, orderTime, creatTime,
		isDeleted,
		merchandiseId,
		operateTime,
		orderMePayMed from customerorder
		where
		isDeleted='0'and
		orderPhone=#{orderPhone} 
		order by creatTime asc
	</select>
 
   



</mapper>