<?xml version="1.0" encoding="UTF-8" ?>
<!DOCTYPE mapper PUBLIC "-//mybatis.org//DTD Mapper 3.0//EN" "http://mybatis.org/dtd/mybatis-3-mapper.dtd" >
<mapper namespace="com.xiaoluo.spring_struts2.mapper.CustomerMapper" >
  <resultMap id="CustomerMap" type="Customer" >
    <id column="customerId" property="customerId" jdbcType="BIGINT" />
      <result column="orderInfos" property="orderInfos" jdbcType="VARCHAR" />
      <result column="customerPhone" property="shopperPhone" jdbcType="VARCHAR" />
  </resultMap>
  
  

  <update id="updateCustomerByShopperPhone"  parameterType="Customer">
  
         update customer 
  
      <trim prefix="set"  prefixOverrides=",">
         
     				 modifyTime =now()
     				 
        <if test="orderInfos != null and orderInfos != ''  ">
          , orderInfos =#{orderInfos} 
        </if>
       </trim>
        where customerPhone =#{shopperPhone}
  </update>
  
   
  <select id="queryCustomerByShopperPhone"  parameterType="Customer" resultMap="CustomerMap">
	          select 
	     customerId ,orderInfos,customerPhone
	            from  customer
				<trim prefix="where" >
				<if test="shopperPhone !=null and shopperPhone !=''">
				    customerPhone = ${shopperPhone}  and  
				</if>
			     is_deledted ='0'
				</trim>
		          
	  </select>
  
 
 

  
 
 
</mapper>