<?xml version="1.0" encoding="UTF-8" ?>
<!DOCTYPE mapper PUBLIC "-//mybatis.org//DTD Mapper 3.0//EN" "http://mybatis.org/dtd/mybatis-3-mapper.dtd" >
<mapper namespace="com.xiaoluo.spring_struts2.mapper.EditMerchandiseListMapper">
	<resultMap id="EidtMerchandiseListMap" type="EditMerchandiseList">
		<id column="editMerchandiseListId" property="editMerchandiseListId"
			jdbcType="BIGINT" />
		<result column="merchantPhone" property="merchantPhone"
			jdbcType="VARCHAR" />
		<result column="editMerchandiseListDisPicsUrl" property="editMerchandiseListDisPicsUrl"
			jdbcType="VARCHAR" />
		<result column="editMerchandiseListName" property="editMerchandiseListName"
			jdbcType="VARCHAR" />
		<result column="editMerchandiseListPrice" property="editMerchandiseListPrice"
			jdbcType="DOUBLE" />
		<result column="editMerchandiseListStock" property="editMerchandiseListStock"
			jdbcType="INTEGER" />
		<result column="editMerchandiseListIsPost" property="editMerchandiseListIsPost"
			jdbcType="VARCHAR" />
		<result column="editMerchandiseListProductDesc" property="editMerchandiseListProductDesc"
			jdbcType="VARCHAR" />
		<result column="editMerchandiseListDesPicsUrl" property="editMerchandiseListDesPicsUrl"
			jdbcType="VARCHAR" />
		<result column="editMerchandiseRecordUrl" property="editMerchandiseRecordUrl"
			jdbcType="VARCHAR" />
		<result column="merchantFloderName" property="merchantFloderName"
			jdbcType="VARCHAR" />
		<result column="salesCount" property="salesCount" jdbcType="INTEGER" />
		<result column="shopperPhone" property="shopperPhone" jdbcType="VARCHAR" />
		<result column="isRecommond" property="isRecommond" jdbcType="VARCHAR" />
	</resultMap>



	<!-- -->

	<insert id="createEditMerchandiseListById" parameterType="EditMerchandiseList">
		insert
		into eidtMerchandiseList
		(merchantPhone,editMerchandiseListDisPicsUrl,editMerchandiseListName,editMerchandiseListPrice,editMerchandiseListStock,editMerchandiseListIsPost,editMerchandiseListProductDesc,editMerchandiseListDesPicsUrl,editMerchandiseRecordUrl,merchantFloderName,is_deledted,createTime,salesCount)
		values
		(#{merchantPhone},#{editMerchandiseListDisPicsUrl},#{editMerchandiseListName},#{editMerchandiseListPrice}
		,#{editMerchandiseListStock},#{editMerchandiseListIsPost},#{editMerchandiseListProductDesc},#{editMerchandiseListDesPicsUrl},#{editMerchandiseRecordUrl},#{merchantFloderName},'0',now(),0)

	</insert>

	<select id="queryEditMerchandiseListById" parameterType="int"
		resultMap="EidtMerchandiseListMap">
		select
		editMerchandiseListId
		,editMerchandiseListDisPicsUrl,editMerchandiseListName,editMerchandiseListPrice,editMerchandiseListStock,editMerchandiseListIsPost,merchantPhone,editMerchandiseListProductDesc,editMerchandiseListDesPicsUrl,editMerchandiseRecordUrl,merchantFloderName,salesCount,shopperPhone
		from eidtMerchandiseList
		<trim prefix="where">
			<if test="_parameter !=null and _parameter !=''">
				editMerchandiseListId = #{_parameter} and
			</if>
			is_deledted ='0'
		</trim>
		order by createTime
	</select>

	<update id="updateEditMerchandiseListById" parameterType="EditMerchandiseList">

		update eidtMerchandiseList

		<trim prefix="set" prefixOverrides=",">

			modifyTime =now()

			<if
				test="editMerchandiseListDisPicsUrl != null and editMerchandiseListDisPicsUrl != ''  ">
				, editMerchandiseListDisPicsUrl
				=#{editMerchandiseListDisPicsUrl}
			</if>
			<if
				test="editMerchandiseListName != null and editMerchandiseListName != ''  ">
				, editMerchandiseListName =#{editMerchandiseListName}
			</if>
			<if test="editMerchandiseListPrice != 0.0">
				, editMerchandiseListPrice =#{editMerchandiseListPrice}
			</if>
			<if test="editMerchandiseListStock != 0 ">
				, editMerchandiseListStock =#{editMerchandiseListStock}
			</if>
			<if
				test="editMerchandiseListIsPost != null and editMerchandiseListIsPost != '' ">
				, editMerchandiseListIsPost =#{editMerchandiseListIsPost}
			</if>
			<if
				test="editMerchandiseListProductDesc != null and editMerchandiseListProductDesc != '' ">
				, editMerchandiseListProductDesc
				=#{editMerchandiseListProductDesc}
			</if>
			<if
				test="editMerchandiseListDesPicsUrl != null and editMerchandiseListDesPicsUrl != '' ">
				, editMerchandiseListDesPicsUrl
				=#{editMerchandiseListDesPicsUrl}
			</if>
			<if
				test="editMerchandiseRecordUrl != null ">
				, editMerchandiseRecordUrl =#{editMerchandiseRecordUrl}
			</if>
			<if test="is_deledted !=null and is_deledted != ''">
				, is_deledted =#{is_deledted}
			</if>

		</trim>




		where editMerchandiseListId =#{editMerchandiseListId}


	</update>



	<select id="queryEditMerchandiseListByPhone" parameterType="EditMerchandiseList"
		resultMap="EidtMerchandiseListMap">
		select
		editMerchandiseListId
		,editMerchandiseListDisPicsUrl,editMerchandiseListName,editMerchandiseListPrice,editMerchandiseListStock,editMerchandiseListIsPost,editMerchandiseListProductDesc,editMerchandiseListDesPicsUrl,editMerchandiseRecordUrl,salesCount,shopperPhone
		from eidtMerchandiseList
		<trim prefix="where">
			<if test="merchantPhone !=null and merchantPhone !=''">
				merchantPhone = #{merchantPhone} and
			</if>
			is_deledted ='0'
			<if test="orderSign ==0">
				<if test="sequence==0">
					order by createTime
				</if>
				<if test="sequence==1">
					order by createTime desc
				</if>
			</if>
			<if test="orderSign ==1">
				<if test="sequence==0">
					order by editMerchandiseListPrice
				</if>
				<if test="sequence==1">
					order by editMerchandiseListPrice desc
				</if>
			</if>
			<if test="orderSign ==2">
				<if test="sequence==0">
					order by salesCount
				</if>
				<if test="sequence==1">
					order by salesCount desc
				</if>
			</if>
			<if test="orderSign ==3">
			and shopperPhone  is not null
			</if>
		</trim>

		limit #{starCount},#{count}
	</select>




	<select id="queryMerchandiseByEditMerchandiseListName"
		parameterType="EditMerchandiseList" resultMap="EidtMerchandiseListMap">
		select
		editMerchandiseListId
		,editMerchandiseListDisPicsUrl,editMerchandiseListName,editMerchandiseListPrice,editMerchandiseListStock,editMerchandiseListIsPost,editMerchandiseListProductDesc,editMerchandiseListDesPicsUrl,editMerchandiseRecordUrl,merchantFloderName,salesCount
		from eidtMerchandiseList
		<trim prefix="where">
			<if test="editMerchandiseListName !=null and editMerchandiseListName !=''">
				editMerchandiseListName like
				CONCAT('%',#{editMerchandiseListName},'%') and
			</if>
			is_deledted ='0' and merchantPhone = #{merchantPhone}

			<if test="orderSign ==0">
				<if test="sequence==0">
					order by createTime
				</if>
				<if test="sequence==1">
					order by createTime desc
				</if>
			</if>
			<if test="orderSign ==1">
				<if test="sequence==0">
					order by editMerchandiseListPrice
				</if>
				<if test="sequence==1">
					order by editMerchandiseListPrice desc
				</if>
			</if>
			<if test="orderSign ==2">
				<if test="sequence==0">
					order by salesCount
				</if>
				<if test="sequence==1">
					order by salesCount desc
				</if>
			</if>

			limit #{starCount},#{count}
		</trim>
	</select>



	<update id="updateEditMerchandiseListBySalesCount"
		parameterType="EditMerchandiseList">
		update eidtMerchandiseList
		<trim prefix="set" prefixOverrides=",">
			modifyTime =now()
			<if test="salesCount != null  ">
				, salesCount =#{salesCount}
			</if>
			<if test=" editMerchandiseListStock != null  ">
				, editMerchandiseListStock =#{editMerchandiseListStock}
			</if>
			<if test=" shopperPhone != null  ">
				, shopperPhone =#{shopperPhone}
			</if>
		</trim>
		where
		editMerchandiseListId =#{editMerchandiseListId}
		and is_deledted
		='0'

	</update>


	<update id="updateEditMerchandiseListByOrder" parameterType="EditMerchandiseList">
		update eidtMerchandiseList
		<trim prefix="set" prefixOverrides=",">
			modifyTime =now()
			<if test=" shopperPhone != null  ">
				, shopperPhone =#{shopperPhone}
			</if>
		</trim>
		where
		editMerchandiseListId =#{editMerchandiseListId}
		and is_deledted
		='0'

	</update>





	<select id="queryRecommondPicByPhone" parameterType="EditMerchandiseList"
		resultMap="EidtMerchandiseListMap">
		select
		editMerchandiseListId ,editMerchandiseRecordUrl from
		eidtMerchandiseList
		<trim prefix="where">
			<if test="merchantPhone !=null and merchantPhone !=''">
				merchantPhone = #{merchantPhone} and
			</if>
			is_deledted ='0'
		</trim>
	</select>



	<select id="findLocalMerchandiseByPhone" resultMap="EidtMerchandiseListMap">
		select
		editMerchandiseListId
		,editMerchandiseListDisPicsUrl,editMerchandiseListName,editMerchandiseListPrice,editMerchandiseListStock,editMerchandiseListIsPost,editMerchandiseListProductDesc,editMerchandiseListDesPicsUrl,editMerchandiseRecordUrl,merchantFloderName,salesCount,isRecommond
		from eidtMerchandiseList
		<trim prefix="where">

			merchantPhone in
			<foreach collection="list" item="li" open="(" separator=","
				close=")">
				#{li}



			</foreach>
			and is_deledted ='0'

			<if test="merchant.remark ==1">
				and isRecommond='true'
			</if>


		</trim>

		limit #{merchant.starCount},#{merchant.count}
	</select>


	<select id="findToltalOrderByPhone" parameterType="EditMerchandiseList"
		resultMap="EidtMerchandiseListMap">
		select
		editMerchandiseListId
		,editMerchandiseListDisPicsUrl,editMerchandiseListName,editMerchandiseListPrice,editMerchandiseListStock,editMerchandiseListIsPost,editMerchandiseListProductDesc,editMerchandiseListDesPicsUrl,editMerchandiseRecordUrl,merchantFloderName,salesCount,isRecommond,shopperPhone
		from eidtMerchandiseList
		 where merchantPhone=#{merchantPhone} and is_deledted ='0' and  shopperPhone is not null
	</select>



</mapper>