<?xml version="1.0" encoding="UTF-8" ?>
<!DOCTYPE mapper PUBLIC "-//mybatis.org//DTD Mapper 3.0//EN" "http://mybatis.org/dtd/mybatis-3-mapper.dtd" >
<mapper namespace="com.xiaoluo.spring_struts2.mapper.MerchantMapper">
	<resultMap id="MerchantMap" type="Merchant">
		<id column="merchantId" property="merchantid" jdbcType="BIGINT" />
		<result column="merchantLoginName" property="merchantLoginName"
			jdbcType="VARCHAR" />
		<result column="merchantLoginPhone" property="merchantLoginPhone"
			jdbcType="VARCHAR" />
	</resultMap>

	<!-- -->


	<update id="merchantLogin" parameterType="Merchant">
		update merchant set
		merchantLoginPassword=#{merchantLoginPassword},merchantKey=#{merchantKey}
		where merchantLoginPhone =#{merchantLoginPhone}
		and is_deleted ='0'
	</update>


	<select id="queryMerchantByMerchantPhone" parameterType="java.lang.String"
		resultType="Merchant">
		select
		merchantId, merchantLoginPhone , merchantKey ,
		merchantLoginPassword
		,merchantRealIp , createTime
		,validateCode,validateCount,merchantRecordUrl,merchantRecordDes,merchantStoreName,merchantHeadUrl,loginKey,merchantLoginIdCard
		from merchant
		where merchantLoginPhone = #{merchantLoginPhone}
		and
		is_deleted='0'
	</select>



	<select id="queryMerchantById" parameterType="int"
		resultType="Merchant">
		select
		merchantId, merchantLoginPhone , merchantKey ,
		merchantLoginPassword
		,merchantRealIp , createTime
		,validateCode,validateCount,merchantRecordUrl,merchantRecordDes,merchantStoreName,merchantHeadUrl,loginKey,merchantLoginIdCard
		from merchant
		where merchantId = #{_parameter}
		and
		is_deleted='0'
	</select>

	<insert id="addMerchant" parameterType="Merchant">
		insert into merchant
		(merchantLoginName, merchantLoginPhone,
		merchantLoginPassword,is_deleted)
		values ( #{merchantLoginName},
		#{merchantLoginPhone},
		#{merchantLoginPassword},'0')
	</insert>

	<update id="updateMerchantByMerchantPhone" parameterType="Merchant">
		update
		merchant set
		validateCode =#{validateCode}
		,validateCount=#{validateCount}
		, merchantRealIp =#{merchantRealIp}
		,
		modifyTime =now()

		where merchantLoginPhone =#{merchantLoginPhone}
		and
		is_deleted ='0'

	</update>

	<insert id="merchantValidate" parameterType="Merchant">
		insert into merchant
		(
		merchantLoginPhone,validateCount,validateCode,merchantRealIp,createTime,is_deleted)
		values (
		#{merchantLoginPhone},#{validateCount},#{validateCode},#{merchantRealIp}
		,now(),0)

	</insert>

	<update id="resetMerchantValidateCount" parameterType="Merchant">
		update
		merchant set
		validateCount =0

		where is_deleted ='0'
	</update>



	<select id="checkIsRegistByPhone" parameterType="Merchant"
		resultType="Merchant">
		select
		merchantId ,merchantLoginPhone,is_regist
		from merchant
		where merchantLoginPhone =#{merchantLoginPhone} and
		is_deleted ='0'

	</select>



	<update id="updateMerchantByUpload" parameterType="Merchant">
		update merchant

		<trim prefix="set" prefixOverrides=",">

			modifyTime =now()

			<if test="merchantRecordUrl != null and merchantRecordUrl != ''  ">
				, merchantRecordUrl =#{merchantRecordUrl}
			</if>
			<if test="merchantRecordDes != null and merchantRecordDes != ''  ">
				, merchantRecordDes =#{merchantRecordDes}
			</if>
			<if test="merchantStoreName != null and merchantStoreName != '' ">
				, merchantStoreName =#{merchantStoreName}
			</if>
			<if test="merchantHeadUrl != null and merchantHeadUrl != '' ">
				, merchantHeadUrl =#{merchantHeadUrl}
			</if>

		</trim>

		where merchantLoginPhone =#{merchantLoginPhone}
		and is_deleted ='0'

	</update>


	<update id="updateMerchantByLoginKey" parameterType="Merchant">
		update
		merchant set
		loginKey =#{loginKey}
		, modifyTime =now()
		where
		merchantLoginPhone =#{merchantLoginPhone}
		and is_deleted ='0'

	</update>


	<select id="queryMerchantByArea" parameterType="Merchant"
		resultMap="MerchantMap">
		select
		merchantLoginPhone
		from merchant
		<trim prefix="where" prefixOverrides=",">

			<if test="province != null and province != ''  ">
				province =#{province} and
			</if>
			<if test="city != null and city != ''  ">
				city =#{city} and
			</if>
			<if test="country != null and country != '' ">
				country =#{country} and
			</if>
			is_deleted='0'
		</trim>
	</select>





</mapper>