<?xml version="1.0" encoding="UTF-8" ?>
<!DOCTYPE mapper PUBLIC "-//mybatis.org//DTD Mapper 3.0//EN" "http://mybatis.org/dtd/mybatis-3-mapper.dtd" >
<mapper namespace="com.xiaoluo.spring_struts2.mapper.UserMapper" >
  <resultMap id="UserMap" type="com.xiaoluo.spring_struts2.User" >
    <id column="id" property="id" jdbcType="INTEGER" />
    <result column="name" property="name" jdbcType="VARCHAR" />
    <result column="age" property="age" jdbcType="INTEGER" />
  </resultMap>
  
   <!-- 自己程序 -->
	 
	  <select id="queryUserByAll" resultMap="UserMap" >
	    select 
	    id, name, age
	    from user
	  </select>
	  
	  <insert id="adUser" parameterType="com.xiaoluo.spring_struts2.User">
	  insert into user 
	  (name ,age) values ( #{name},#{age} )
	  
	  </insert>
	  
	    <select id="queryUserById" parameterType="int" resultMap="UserMap" >
	    select 
	    id, name, age
	    from user
	    where id =#{id}
	  </select>
	  
  <delete id="deleteUserById" parameterType="int">
  
       delete from user where id = #{id}
  </delete>
  
  
  <update id="updateUser" parameterType="com.xiaoluo.spring_struts2.User">
  update user set name =#{name} ,age=#{age} where id =#{id}
  </update>
  
  
</mapper>